-- phpMyAdmin SQL Dump
-- version 5.0.2
-- https://www.phpmyadmin.net/
--
-- Host: 127.0.0.1:3306
-- Generation Time: Dec 15, 2021 at 08:13 AM
-- Server version: 5.7.31
-- PHP Version: 7.4.9

SET SQL_MODE = "NO_AUTO_VALUE_ON_ZERO";
START TRANSACTION;
SET time_zone = "+00:00";


/*!40101 SET @OLD_CHARACTER_SET_CLIENT=@@CHARACTER_SET_CLIENT */;
/*!40101 SET @OLD_CHARACTER_SET_RESULTS=@@CHARACTER_SET_RESULTS */;
/*!40101 SET @OLD_COLLATION_CONNECTION=@@COLLATION_CONNECTION */;
/*!40101 SET NAMES utf8mb4 */;

--
-- Database: `gsb_frais`
--

-- --------------------------------------------------------

--
-- Table structure for table `comptable`
--

DROP TABLE IF EXISTS `comptable`;
CREATE TABLE IF NOT EXISTS `comptable` (
  `adresse` char(30) DEFAULT NULL,
  `cp` char(5) DEFAULT NULL,
  `email` text,
  `dateembauche` date DEFAULT NULL,
  `id` char(4) NOT NULL,
  `login` char(20) DEFAULT NULL,
  `mdp` char(255) DEFAULT NULL,
  `nom` char(30) DEFAULT NULL,
  `prenom` char(30) DEFAULT NULL,
  `ville` char(30) DEFAULT NULL,
  `code` char(4) DEFAULT NULL,
  PRIMARY KEY (`id`)
) ENGINE=MyISAM DEFAULT CHARSET=latin1;

--
-- Dumping data for table `comptable`
--

INSERT INTO `comptable` (`adresse`, `cp`, `email`, `dateembauche`, `id`, `login`, `mdp`, `nom`, `prenom`, `ville`, `code`) VALUES
('38 av Boop', '83130', 'vschalckens@swiss-galaxy.com', '2020-09-16', '0', 'vschalckens', '$2y$10$ZGp3E2UOUz7XEdx/DgAkr.rvKEC0OQ5yGcCijbE4omYBjHfpI0cSu', 'Schalckens', 'Valentine', 'La Garde', '1000'),
('38 av Boop', '83130', 'homme@swiss-galaxy.com', '2020-09-16', '1', 'homme', '$2y$10$4I8VUlw5iTCUz6FDHu4RAe6jhbFw3/Opoc917pPAG68CI.hdFke8K', 'Jean', 'Bon', 'La Garde', NULL),
('38 av Boop', '83130', 'femme@swiss-galaxy.com', '2020-09-16', '2', 'femme', '$2y$10$.RnpsHrOTil/6FIOrRn0NeeUy/sIl5db.CkEWDz1uyC6tXDqAe8kS', 'Gertrude', 'Bon', 'La Garde', NULL),
('38 av Boop', '83130', 'toi@swiss-galaxy.com', '2020-09-16', '3', 'toi', '$2y$10$jouHqE9CTmpWNZTw15RBtO9HlipUW6nk/Gkj5WBUE2uqRu9ffepNm', 'Kerebel', 'Bastien', 'La Garde', NULL),
('38 av Boop', '83130', 'lui@swiss-galaxy.com', '2020-09-16', '5', 'lui', '$2y$10$Y/MgfpPgOgzPQh/r0IlIpuFOP0IFkoN52GDdfvltkGRFdoLmhbIH.', 'Pastaga', 'Lempereur', 'La Garde', NULL);

-- --------------------------------------------------------

--
-- Table structure for table `etat`
--

DROP TABLE IF EXISTS `etat`;
CREATE TABLE IF NOT EXISTS `etat` (
  `id` char(2) NOT NULL,
  `libelle` varchar(30) DEFAULT NULL,
  PRIMARY KEY (`id`)
) ENGINE=InnoDB DEFAULT CHARSET=latin1;

--
-- Dumping data for table `etat`
--

INSERT INTO `etat` (`id`, `libelle`) VALUES
('CL', 'Saisie clôturée'),
('CR', 'Fiche créée, saisie en cours'),
('MP', 'Mise en paiement'),
('RB', 'Remboursée'),
('VA', 'Validée');

-- --------------------------------------------------------

--
-- Table structure for table `fichefrais`
--

DROP TABLE IF EXISTS `fichefrais`;
CREATE TABLE IF NOT EXISTS `fichefrais` (
  `idvisiteur` char(4) NOT NULL,
  `mois` char(6) NOT NULL,
  `nbjustificatifs` int(11) DEFAULT NULL,
  `montantvalide` decimal(10,2) DEFAULT NULL,
  `datemodif` date DEFAULT NULL,
  `idetat` char(2) DEFAULT 'CR',
  PRIMARY KEY (`idvisiteur`,`mois`),
  KEY `idetat` (`idetat`)
) ENGINE=InnoDB DEFAULT CHARSET=latin1;

--
-- Dumping data for table `fichefrais`
--

INSERT INTO `fichefrais` (`idvisiteur`, `mois`, `nbjustificatifs`, `montantvalide`, `datemodif`, `idetat`) VALUES
('a131', '202009', 11, '2846.99', '2021-12-08', 'RB'),
('a131', '202010', 4, '3272.84', '2020-12-01', 'RB'),
('a131', '202011', 3, '2193.38', '2021-01-08', 'RB'),
('a131', '202012', 4, '4221.59', '2021-02-08', 'RB'),
('a131', '202101', 9, '6373.71', '2021-03-03', 'RB'),
('a131', '202102', 4, '2744.49', '2021-04-05', 'RB'),
('a131', '202103', 12, '3362.17', '2021-05-03', 'RB'),
('a131', '202104', 6, '2189.68', '2021-12-08', 'RB'),
('a131', '202105', 8, '3491.18', '2021-12-08', 'RB'),
('a131', '202106', 8, '3483.95', '2021-12-08', 'MP'),
('a131', '202107', 2, '3041.91', '2021-12-08', 'MP'),
('a131', '202108', 6, '0.00', '2021-08-05', 'CR'),
('a131', '202109', 0, '0.00', '2021-12-15', 'VA'),
('a131', '202111', 0, '0.00', '2021-11-24', 'CR'),
('a17', '202009', 7, '2170.08', '2020-11-04', 'RB'),
('a17', '202010', 8, '2896.27', '2020-12-07', 'RB'),
('a17', '202011', 6, '2347.33', '2021-01-03', 'RB'),
('a17', '202012', 7, '4187.70', '2021-02-08', 'RB'),
('a17', '202101', 5, '3509.44', '2021-03-07', 'RB'),
('a17', '202102', 8, '3572.81', '2021-04-03', 'RB'),
('a17', '202103', 0, '1318.38', '2021-05-07', 'RB'),
('a17', '202104', 5, '3620.84', '2021-06-06', 'RB'),
('a17', '202105', 9, '2363.39', '2021-07-05', 'RB'),
('a17', '202106', 11, '3334.16', '2021-12-08', 'RB'),
('a17', '202107', 7, '2546.49', '2021-12-08', 'RB'),
('a17', '202108', 10, '0.00', '2021-08-02', 'CR'),
('a17', '202109', 0, '0.00', '2021-10-06', 'CL'),
('a17', '202110', 0, '0.00', '2021-11-17', 'CL'),
('a17', '202111', 0, '0.00', '2021-12-01', 'CL'),
('a17', '202112', 0, '0.00', '2021-12-01', 'CR'),
('a55', '202009', 3, '2865.47', '2020-11-05', 'RB'),
('a55', '202010', 3, '2538.26', '2020-12-08', 'RB'),
('a55', '202011', 4, '4462.21', '2021-01-06', 'RB'),
('a55', '202012', 7, '4634.07', '2021-02-01', 'RB'),
('a55', '202101', 12, '2424.80', '2021-03-04', 'RB'),
('a55', '202102', 10, '4499.60', '2021-04-05', 'RB'),
('a55', '202103', 9, '2928.53', '2021-05-06', 'RB'),
('a55', '202104', 9, '3234.90', '2021-06-03', 'RB'),
('a55', '202105', 2, '3144.10', '2021-07-07', 'RB'),
('a55', '202106', 11, '3027.87', '2021-08-05', 'RB'),
('a55', '202107', 9, '4226.86', '2021-08-04', 'VA'),
('a55', '202108', 11, '0.00', '2021-08-02', 'CR'),
('a93', '202009', 10, '2913.47', '2020-11-06', 'RB'),
('a93', '202010', 8, '4176.33', '2020-12-03', 'RB'),
('a93', '202011', 6, '4120.09', '2021-01-02', 'RB'),
('a93', '202012', 2, '3437.15', '2021-02-01', 'RB'),
('a93', '202101', 4, '3509.91', '2021-03-01', 'RB'),
('a93', '202102', 12, '3141.77', '2021-04-03', 'RB'),
('a93', '202103', 9, '2112.18', '2021-05-03', 'RB'),
('a93', '202104', 7, '4219.42', '2021-06-04', 'RB'),
('a93', '202105', 1, '3758.51', '2021-07-06', 'RB'),
('a93', '202106', 4, '3065.87', '2021-08-07', 'RB'),
('a93', '202107', 0, '2576.88', '2021-08-01', 'VA'),
('a93', '202108', 3, '0.00', '2021-08-08', 'CR'),
('b13', '202009', 3, '1854.53', '2020-11-06', 'RB'),
('b13', '202010', 12, '3146.00', '2020-12-06', 'RB'),
('b13', '202011', 5, '3329.47', '2021-01-01', 'RB'),
('b13', '202012', 3, '3933.03', '2021-02-01', 'RB'),
('b13', '202101', 4, '2791.38', '2021-03-07', 'RB'),
('b13', '202102', 11, '1748.92', '2021-04-02', 'RB'),
('b13', '202103', 6, '4551.35', '2021-05-08', 'RB'),
('b13', '202104', 12, '3188.27', '2021-06-02', 'RB'),
('b13', '202105', 9, '2318.09', '2021-07-02', 'RB'),
('b13', '202106', 10, '5320.44', '2021-08-01', 'RB'),
('b13', '202107', 11, '3138.84', '2021-08-01', 'VA'),
('b13', '202108', 10, '0.00', '2021-08-05', 'CR'),
('b16', '202009', 9, '3882.31', '2020-11-02', 'RB'),
('b16', '202010', 7, '1533.66', '2020-12-01', 'RB'),
('b16', '202011', 11, '2775.54', '2021-01-06', 'RB'),
('b16', '202012', 12, '4017.55', '2021-02-03', 'RB'),
('b16', '202101', 4, '1476.44', '2021-03-01', 'RB'),
('b16', '202102', 9, '4911.16', '2021-04-05', 'RB'),
('b16', '202103', 4, '2343.38', '2021-05-01', 'RB'),
('b16', '202104', 6, '3530.38', '2021-06-05', 'RB'),
('b16', '202105', 2, '2738.86', '2021-07-04', 'RB'),
('b16', '202106', 2, '3614.01', '2021-08-07', 'RB'),
('b16', '202107', 7, '2474.85', '2021-08-01', 'VA'),
('b16', '202108', 4, '0.00', '2021-08-02', 'CR'),
('b19', '202009', 3, '2985.41', '2020-11-02', 'RB'),
('b19', '202010', 6, '2577.36', '2020-12-08', 'RB'),
('b19', '202011', 5, '3306.73', '2021-01-08', 'RB'),
('b19', '202012', 6, '2838.65', '2021-02-07', 'RB'),
('b19', '202101', 8, '3567.42', '2021-03-05', 'RB'),
('b19', '202102', 11, '5041.93', '2021-04-03', 'RB'),
('b19', '202103', 12, '4250.70', '2021-05-03', 'RB'),
('b19', '202104', 5, '5904.14', '2021-06-05', 'RB'),
('b19', '202105', 8, '1701.98', '2021-07-08', 'RB'),
('b19', '202106', 3, '2469.28', '2021-08-07', 'RB'),
('b19', '202107', 0, '4513.33', '2021-08-03', 'VA'),
('b19', '202108', 9, '0.00', '2021-08-05', 'CR'),
('b25', '202009', 8, '3013.81', '2020-11-04', 'RB'),
('b25', '202010', 0, '2900.76', '2020-12-07', 'RB'),
('b25', '202011', 11, '4182.21', '2021-01-06', 'RB'),
('b25', '202012', 11, '2640.30', '2021-02-01', 'RB'),
('b25', '202101', 12, '3923.49', '2021-03-04', 'RB'),
('b25', '202102', 7, '3375.77', '2021-04-03', 'RB'),
('b25', '202103', 5, '4731.45', '2021-05-06', 'RB'),
('b25', '202104', 8, '2923.26', '2021-06-03', 'RB'),
('b25', '202105', 8, '3549.19', '2021-07-05', 'RB'),
('b25', '202106', 5, '3183.24', '2021-08-06', 'RB'),
('b25', '202107', 0, '3456.61', '2021-08-05', 'VA'),
('b25', '202108', 0, '0.00', '2021-08-05', 'CR'),
('b28', '202009', 1, '4297.93', '2020-11-01', 'RB'),
('b28', '202010', 7, '4275.73', '2020-12-07', 'RB'),
('b28', '202011', 1, '2772.58', '2021-01-07', 'RB'),
('b28', '202012', 1, '1928.04', '2021-02-03', 'RB'),
('b28', '202101', 3, '2895.12', '2021-03-05', 'RB'),
('b28', '202102', 2, '2780.92', '2021-04-01', 'RB'),
('b28', '202103', 2, '3979.19', '2021-05-02', 'RB'),
('b28', '202104', 8, '1384.32', '2021-06-06', 'RB'),
('b28', '202105', 10, '2733.83', '2021-07-05', 'RB'),
('b28', '202106', 12, '2920.14', '2021-08-04', 'RB'),
('b28', '202107', 2, '2833.04', '2021-08-06', 'VA'),
('b28', '202108', 4, '0.00', '2021-08-07', 'CR'),
('b34', '202009', 4, '3596.77', '2020-11-05', 'RB'),
('b34', '202010', 0, '3019.65', '2020-12-01', 'RB'),
('b34', '202011', 12, '4451.62', '2021-01-02', 'RB'),
('b34', '202012', 0, '3891.46', '2021-02-05', 'RB'),
('b34', '202101', 12, '3459.69', '2021-03-03', 'RB'),
('b34', '202102', 12, '4572.32', '2021-04-02', 'RB'),
('b34', '202103', 7, '2605.99', '2021-05-03', 'RB'),
('b34', '202104', 5, '2131.12', '2021-06-01', 'RB'),
('b34', '202105', 2, '3468.46', '2021-07-03', 'RB'),
('b34', '202106', 4, '3044.12', '2021-08-04', 'RB'),
('b34', '202107', 1, '4328.28', '2021-08-02', 'VA'),
('b34', '202108', 1, '0.00', '2021-08-02', 'CR'),
('b4', '202009', 4, '5205.08', '2020-11-06', 'RB'),
('b4', '202010', 2, '3223.70', '2020-12-05', 'RB'),
('b4', '202011', 12, '2883.74', '2021-01-01', 'RB'),
('b4', '202012', 10, '1497.60', '2021-02-07', 'RB'),
('b4', '202101', 9, '4197.77', '2021-03-01', 'RB'),
('b4', '202102', 6, '3546.77', '2021-04-07', 'RB'),
('b4', '202103', 6, '3591.97', '2021-05-02', 'RB'),
('b4', '202104', 3, '2544.75', '2021-06-05', 'RB'),
('b4', '202105', 2, '3686.47', '2021-07-03', 'RB'),
('b4', '202106', 11, '2342.89', '2021-08-05', 'RB'),
('b4', '202107', 5, '3925.51', '2021-08-06', 'VA'),
('b4', '202108', 6, '0.00', '2021-08-05', 'CR'),
('b50', '202009', 2, '2958.73', '2020-11-06', 'RB'),
('b50', '202010', 8, '2634.84', '2020-12-02', 'RB'),
('b50', '202011', 2, '3572.55', '2021-01-05', 'RB'),
('b50', '202012', 3, '6028.14', '2021-02-05', 'RB'),
('b50', '202101', 8, '3244.55', '2021-03-05', 'RB'),
('b50', '202102', 11, '2983.01', '2021-04-06', 'RB'),
('b50', '202103', 11, '3901.11', '2021-05-06', 'RB'),
('b50', '202104', 6, '3504.94', '2021-06-06', 'RB'),
('b50', '202105', 6, '3434.27', '2021-07-05', 'RB'),
('b50', '202106', 7, '4416.29', '2021-08-05', 'RB'),
('b50', '202107', 2, '2475.90', '2021-08-06', 'VA'),
('b50', '202108', 10, '0.00', '2021-08-01', 'CR'),
('b59', '202009', 10, '3112.52', '2020-11-08', 'RB'),
('b59', '202010', 12, '2203.51', '2020-12-08', 'RB'),
('b59', '202011', 6, '2270.18', '2021-01-04', 'RB'),
('b59', '202012', 4, '2931.06', '2021-02-05', 'RB'),
('b59', '202101', 8, '2194.26', '2021-03-02', 'RB'),
('b59', '202102', 6, '2532.38', '2021-04-04', 'RB'),
('b59', '202103', 4, '3890.04', '2021-05-06', 'RB'),
('b59', '202104', 3, '2756.81', '2021-06-07', 'RB'),
('b59', '202105', 5, '2241.45', '2021-07-04', 'RB'),
('b59', '202106', 9, '1994.00', '2021-08-08', 'RB'),
('b59', '202107', 11, '2261.74', '2021-08-03', 'VA'),
('b59', '202108', 0, '0.00', '2021-08-01', 'CR'),
('c14', '202009', 3, '3914.44', '2020-11-04', 'RB'),
('c14', '202010', 5, '2873.67', '2020-12-06', 'RB'),
('c14', '202011', 3, '2493.22', '2021-01-07', 'RB'),
('c14', '202012', 10, '3743.86', '2021-02-01', 'RB'),
('c14', '202101', 6, '3882.70', '2021-03-08', 'RB'),
('c14', '202102', 7, '1952.09', '2021-04-02', 'RB'),
('c14', '202103', 6, '1624.21', '2021-05-02', 'RB'),
('c14', '202104', 5, '5345.40', '2021-06-05', 'RB'),
('c14', '202105', 0, '4013.56', '2021-07-08', 'RB'),
('c14', '202106', 4, '4077.93', '2021-08-02', 'RB'),
('c14', '202107', 11, '2017.24', '2021-08-03', 'VA'),
('c14', '202108', 3, '0.00', '2021-08-07', 'CR'),
('c3', '202009', 0, '3969.98', '2020-11-06', 'RB'),
('c3', '202010', 1, '4219.27', '2020-12-03', 'RB'),
('c3', '202011', 12, '3688.58', '2021-01-04', 'RB'),
('c3', '202012', 9, '2755.31', '2021-02-01', 'RB'),
('c3', '202101', 11, '2928.49', '2021-03-05', 'RB'),
('c3', '202102', 0, '2688.21', '2021-04-07', 'RB'),
('c3', '202103', 5, '4328.89', '2021-05-06', 'RB'),
('c3', '202104', 9, '2416.48', '2021-06-05', 'RB'),
('c3', '202105', 10, '2290.50', '2021-07-04', 'RB'),
('c3', '202106', 8, '3529.51', '2021-08-06', 'RB'),
('c3', '202107', 12, '3406.84', '2021-08-06', 'VA'),
('c3', '202108', 4, '0.00', '2021-08-05', 'CR'),
('c54', '202009', 4, '2807.19', '2020-11-04', 'RB'),
('c54', '202010', 8, '2483.30', '2020-12-01', 'RB'),
('c54', '202011', 7, '3607.18', '2021-01-06', 'RB'),
('c54', '202012', 10, '4634.08', '2021-02-01', 'RB'),
('c54', '202101', 2, '2570.48', '2021-03-04', 'RB'),
('c54', '202102', 4, '2916.82', '2021-04-05', 'RB'),
('c54', '202103', 12, '2575.14', '2021-05-02', 'RB'),
('c54', '202104', 7, '3167.01', '2021-06-02', 'RB'),
('c54', '202105', 9, '3087.04', '2021-07-02', 'RB'),
('c54', '202106', 5, '4186.76', '2021-08-03', 'RB'),
('c54', '202107', 3, '2401.24', '2021-08-08', 'VA'),
('c54', '202108', 3, '0.00', '2021-08-04', 'CR'),
('d13', '202009', 8, '1957.64', '2020-11-08', 'RB'),
('d13', '202010', 7, '1255.19', '2020-12-07', 'RB'),
('d13', '202011', 6, '3629.69', '2021-01-03', 'RB'),
('d13', '202012', 4, '3673.28', '2021-02-07', 'RB'),
('d13', '202101', 12, '2989.60', '2021-03-03', 'RB'),
('d13', '202102', 3, '2587.40', '2021-04-03', 'RB'),
('d13', '202103', 0, '2253.93', '2021-05-07', 'RB'),
('d13', '202104', 10, '1514.14', '2021-06-07', 'RB'),
('d13', '202105', 6, '3493.59', '2021-07-01', 'RB'),
('d13', '202106', 11, '3753.11', '2021-08-02', 'RB'),
('d13', '202107', 7, '3792.13', '2021-08-01', 'VA'),
('d13', '202108', 8, '0.00', '2021-08-03', 'CR'),
('d51', '202009', 8, '2828.57', '2020-11-08', 'RB'),
('d51', '202010', 11, '2747.51', '2020-12-05', 'RB'),
('d51', '202011', 1, '4420.31', '2021-01-02', 'RB'),
('d51', '202012', 1, '2484.36', '2021-02-06', 'RB'),
('d51', '202101', 11, '2150.99', '2021-03-03', 'RB'),
('d51', '202102', 11, '2940.10', '2021-04-08', 'RB'),
('d51', '202103', 12, '1757.10', '2021-05-01', 'RB'),
('d51', '202104', 0, '4993.79', '2021-06-08', 'RB'),
('d51', '202105', 1, '4328.56', '2021-07-01', 'RB'),
('d51', '202106', 6, '4166.74', '2021-08-06', 'RB'),
('d51', '202107', 4, '1900.46', '2021-08-07', 'VA'),
('d51', '202108', 6, '0.00', '2021-08-06', 'CR'),
('e22', '202009', 0, '4764.81', '2020-11-01', 'RB'),
('e22', '202010', 1, '3953.95', '2020-12-03', 'RB'),
('e22', '202011', 8, '4589.55', '2021-01-01', 'RB'),
('e22', '202012', 3, '3394.94', '2021-02-08', 'RB'),
('e22', '202101', 1, '4910.10', '2021-03-04', 'RB'),
('e22', '202102', 1, '2134.98', '2021-04-04', 'RB'),
('e22', '202103', 4, '3767.90', '2021-05-04', 'RB'),
('e22', '202104', 12, '3601.46', '2021-06-03', 'RB'),
('e22', '202105', 0, '2538.47', '2021-07-06', 'RB'),
('e22', '202106', 2, '2997.90', '2021-08-05', 'RB'),
('e22', '202107', 8, '4510.29', '2021-12-08', 'MP'),
('e22', '202108', 12, '0.00', '2021-08-03', 'CR'),
('e24', '202009', 1, '1941.70', '2020-11-02', 'RB'),
('e24', '202010', 1, '2602.33', '2020-12-03', 'RB'),
('e24', '202011', 3, '1949.47', '2021-01-06', 'RB'),
('e24', '202012', 3, '2981.14', '2021-02-04', 'RB'),
('e24', '202101', 1, '2485.63', '2021-03-08', 'RB'),
('e24', '202102', 1, '3053.34', '2021-04-06', 'RB'),
('e24', '202103', 3, '1805.44', '2021-05-08', 'RB'),
('e24', '202104', 3, '3620.42', '2021-06-05', 'RB'),
('e24', '202105', 12, '4698.46', '2021-07-01', 'RB'),
('e24', '202106', 5, '3009.84', '2021-08-04', 'RB'),
('e24', '202107', 1, '2628.58', '2021-08-08', 'VA'),
('e24', '202108', 2, '0.00', '2021-08-05', 'CR'),
('e39', '202009', 1, '3626.12', '2020-11-08', 'RB'),
('e39', '202010', 1, '3840.36', '2020-12-07', 'RB'),
('e39', '202011', 8, '2167.77', '2021-01-07', 'RB'),
('e39', '202012', 2, '4455.15', '2021-02-03', 'RB'),
('e39', '202101', 0, '2663.30', '2021-03-07', 'RB'),
('e39', '202102', 11, '4172.36', '2021-04-05', 'RB'),
('e39', '202103', 8, '3414.70', '2021-05-04', 'RB'),
('e39', '202104', 2, '2642.54', '2021-06-07', 'RB'),
('e39', '202105', 4, '2288.74', '2021-07-06', 'RB'),
('e39', '202106', 10, '2653.82', '2021-08-02', 'RB'),
('e39', '202107', 12, '3917.49', '2021-08-06', 'VA'),
('e39', '202108', 4, '0.00', '2021-08-08', 'CR'),
('e49', '202009', 1, '4293.74', '2020-11-07', 'RB'),
('e49', '202010', 5, '3441.64', '2020-12-03', 'RB'),
('e49', '202011', 1, '4676.29', '2021-01-05', 'RB'),
('e49', '202012', 8, '3292.52', '2021-02-02', 'RB'),
('e49', '202101', 6, '2869.43', '2021-03-08', 'RB'),
('e49', '202102', 1, '4530.33', '2021-04-08', 'RB'),
('e49', '202103', 12, '3566.67', '2021-05-08', 'RB'),
('e49', '202104', 2, '3685.66', '2021-06-06', 'RB'),
('e49', '202105', 4, '2582.60', '2021-07-04', 'RB'),
('e49', '202106', 2, '2783.97', '2021-08-07', 'RB'),
('e49', '202107', 9, '2796.60', '2021-08-01', 'VA'),
('e49', '202108', 8, '0.00', '2021-08-08', 'CR'),
('e5', '202009', 0, '3173.54', '2020-11-08', 'RB'),
('e5', '202010', 3, '3242.67', '2020-12-05', 'RB'),
('e5', '202011', 7, '1883.44', '2021-01-04', 'RB'),
('e5', '202012', 11, '3578.69', '2021-02-01', 'RB'),
('e5', '202101', 2, '2761.87', '2021-03-05', 'RB'),
('e5', '202102', 6, '1778.89', '2021-04-02', 'RB'),
('e5', '202103', 6, '3536.64', '2021-05-03', 'RB'),
('e5', '202104', 1, '2270.11', '2021-06-05', 'RB'),
('e5', '202105', 7, '4079.58', '2021-07-05', 'RB'),
('e5', '202106', 11, '3323.34', '2021-08-02', 'RB'),
('e5', '202107', 6, '1570.87', '2021-08-06', 'VA'),
('e5', '202108', 9, '0.00', '2021-08-01', 'CR'),
('e52', '202009', 0, '5343.54', '2020-11-08', 'RB'),
('e52', '202010', 3, '2198.01', '2020-12-02', 'RB'),
('e52', '202011', 6, '2460.65', '2021-01-07', 'RB'),
('e52', '202012', 11, '2839.03', '2021-02-03', 'RB'),
('e52', '202101', 12, '1782.91', '2021-03-04', 'RB'),
('e52', '202102', 10, '3135.11', '2021-04-08', 'RB'),
('e52', '202103', 12, '2940.78', '2021-05-02', 'RB'),
('e52', '202104', 3, '3450.49', '2021-06-02', 'RB'),
('e52', '202105', 4, '3242.24', '2021-07-01', 'RB'),
('e52', '202106', 12, '3347.87', '2021-08-06', 'RB'),
('e52', '202107', 7, '2898.84', '2021-08-02', 'VA'),
('e52', '202108', 2, '0.00', '2021-08-02', 'CR'),
('f21', '202009', 12, '3705.01', '2020-11-08', 'RB'),
('f21', '202010', 9, '4366.13', '2020-12-06', 'RB'),
('f21', '202011', 0, '1283.06', '2021-01-03', 'RB'),
('f21', '202012', 9, '3215.85', '2021-02-07', 'RB'),
('f21', '202101', 1, '3380.64', '2021-03-06', 'RB'),
('f21', '202102', 5, '3347.76', '2021-04-03', 'RB'),
('f21', '202103', 12, '3346.04', '2021-05-02', 'RB'),
('f21', '202104', 9, '4612.74', '2021-06-07', 'RB'),
('f21', '202105', 7, '3534.00', '2021-07-05', 'RB'),
('f21', '202106', 1, '2488.75', '2021-08-02', 'RB'),
('f21', '202107', 6, '2972.83', '2021-08-07', 'VA'),
('f21', '202108', 4, '0.00', '2021-08-06', 'CR'),
('f39', '202009', 1, '3318.34', '2020-11-08', 'RB'),
('f39', '202010', 8, '4070.48', '2020-12-05', 'RB'),
('f39', '202011', 5, '2993.85', '2021-01-03', 'RB'),
('f39', '202012', 2, '3502.36', '2021-02-06', 'RB'),
('f39', '202101', 6, '4104.10', '2021-03-07', 'RB'),
('f39', '202102', 3, '4411.70', '2021-04-05', 'RB'),
('f39', '202103', 11, '3910.20', '2021-05-02', 'RB'),
('f39', '202104', 12, '5520.54', '2021-06-02', 'RB'),
('f39', '202105', 5, '1776.48', '2021-07-03', 'RB'),
('f39', '202106', 1, '3653.66', '2021-08-03', 'RB'),
('f39', '202107', 1, '3439.11', '2021-08-03', 'VA'),
('f39', '202108', 11, '0.00', '2021-08-08', 'CR'),
('f4', '202009', 0, '2060.11', '2021-12-07', 'MP'),
('f4', '202010', 7, '3283.28', '2020-12-07', 'RB'),
('f4', '202011', 4, '3014.06', '2021-01-07', 'RB'),
('f4', '202012', 7, '3026.15', '2021-02-06', 'RB'),
('f4', '202101', 9, '3119.17', '2021-03-06', 'RB'),
('f4', '202102', 7, '2879.35', '2021-04-06', 'RB'),
('f4', '202103', 9, '2221.29', '2021-05-03', 'RB'),
('f4', '202104', 8, '3683.13', '2021-06-01', 'RB'),
('f4', '202105', 9, '2797.36', '2021-07-08', 'RB'),
('f4', '202106', 3, '3354.22', '2021-08-04', 'RB'),
('f4', '202107', 5, '3635.15', '2021-08-08', 'VA'),
('f4', '202108', 7, '0.00', '2021-08-07', 'CR');

-- --------------------------------------------------------

--
-- Table structure for table `fraisforfait`
--

DROP TABLE IF EXISTS `fraisforfait`;
CREATE TABLE IF NOT EXISTS `fraisforfait` (
  `id` char(3) NOT NULL,
  `libelle` char(20) DEFAULT NULL,
  `montant` decimal(5,2) DEFAULT NULL,
  PRIMARY KEY (`id`)
) ENGINE=InnoDB DEFAULT CHARSET=latin1;

--
-- Dumping data for table `fraisforfait`
--

INSERT INTO `fraisforfait` (`id`, `libelle`, `montant`) VALUES
('ETP', 'Forfait Etape', '110.00'),
('KM', 'Frais Kilométrique', '0.62'),
('NUI', 'Nuitée Hôtel', '80.00'),
('REP', 'Repas Restaurant', '25.00');

-- --------------------------------------------------------

--
-- Table structure for table `lignefraisforfait`
--

DROP TABLE IF EXISTS `lignefraisforfait`;
CREATE TABLE IF NOT EXISTS `lignefraisforfait` (
  `idvisiteur` char(4) NOT NULL,
  `mois` char(6) NOT NULL,
  `idfraisforfait` char(3) NOT NULL,
  `quantite` int(11) DEFAULT NULL,
  PRIMARY KEY (`idvisiteur`,`mois`,`idfraisforfait`),
  KEY `idfraisforfait` (`idfraisforfait`)
) ENGINE=InnoDB DEFAULT CHARSET=latin1;

--
-- Dumping data for table `lignefraisforfait`
--

INSERT INTO `lignefraisforfait` (`idvisiteur`, `mois`, `idfraisforfait`, `quantite`) VALUES
('a131', '202009', 'ETP', 16),
('a131', '202009', 'KM', 787),
('a131', '202009', 'NUI', 4),
('a131', '202009', 'REP', 16),
('a131', '202010', 'ETP', 14),
('a131', '202010', 'KM', 612),
('a131', '202010', 'NUI', 8),
('a131', '202010', 'REP', 11),
('a131', '202011', 'ETP', 11),
('a131', '202011', 'KM', 506),
('a131', '202011', 'NUI', 7),
('a131', '202011', 'REP', 7),
('a131', '202012', 'ETP', 10),
('a131', '202012', 'KM', 894),
('a131', '202012', 'NUI', 13),
('a131', '202012', 'REP', 20),
('a131', '202101', 'ETP', 19),
('a131', '202101', 'KM', 867),
('a131', '202101', 'NUI', 16),
('a131', '202101', 'REP', 8),
('a131', '202102', 'ETP', 10),
('a131', '202102', 'KM', 601),
('a131', '202102', 'NUI', 11),
('a131', '202102', 'REP', 19),
('a131', '202103', 'ETP', 9),
('a131', '202103', 'KM', 369),
('a131', '202103', 'NUI', 12),
('a131', '202103', 'REP', 17),
('a131', '202104', 'ETP', 4),
('a131', '202104', 'KM', 457),
('a131', '202104', 'NUI', 4),
('a131', '202104', 'REP', 9),
('a131', '202105', 'ETP', 17),
('a131', '202105', 'KM', 733),
('a131', '202105', 'NUI', 7),
('a131', '202105', 'REP', 19),
('a131', '202106', 'ETP', 17),
('a131', '202106', 'KM', 856),
('a131', '202106', 'NUI', 14),
('a131', '202106', 'REP', 11),
('a131', '202107', 'ETP', 7),
('a131', '202107', 'KM', 956),
('a131', '202107', 'NUI', 13),
('a131', '202107', 'REP', 17),
('a131', '202108', 'ETP', 16),
('a131', '202108', 'KM', 938),
('a131', '202108', 'NUI', 4),
('a131', '202108', 'REP', 5),
('a131', '202109', 'ETP', 47),
('a131', '202109', 'KM', 6),
('a131', '202109', 'NUI', 4563),
('a131', '202109', 'REP', 0),
('a131', '202111', 'ETP', 6),
('a131', '202111', 'KM', 3),
('a131', '202111', 'NUI', 1),
('a131', '202111', 'REP', 0),
('a17', '202009', 'ETP', 4),
('a17', '202009', 'KM', 930),
('a17', '202009', 'NUI', 9),
('a17', '202009', 'REP', 17),
('a17', '202010', 'ETP', 8),
('a17', '202010', 'KM', 737),
('a17', '202010', 'NUI', 9),
('a17', '202010', 'REP', 10),
('a17', '202011', 'ETP', 2),
('a17', '202011', 'KM', 391),
('a17', '202011', 'NUI', 17),
('a17', '202011', 'REP', 14),
('a17', '202012', 'ETP', 4),
('a17', '202012', 'KM', 685),
('a17', '202012', 'NUI', 18),
('a17', '202012', 'REP', 20),
('a17', '202101', 'ETP', 14),
('a17', '202101', 'KM', 913),
('a17', '202101', 'NUI', 15),
('a17', '202101', 'REP', 11),
('a17', '202102', 'ETP', 16),
('a17', '202102', 'KM', 607),
('a17', '202102', 'NUI', 17),
('a17', '202102', 'REP', 9),
('a17', '202103', 'ETP', 2),
('a17', '202103', 'KM', 385),
('a17', '202103', 'NUI', 4),
('a17', '202103', 'REP', 9),
('a17', '202104', 'ETP', 15),
('a17', '202104', 'KM', 424),
('a17', '202104', 'NUI', 20),
('a17', '202104', 'REP', 8),
('a17', '202105', 'ETP', 11),
('a17', '202105', 'KM', 733),
('a17', '202105', 'NUI', 8),
('a17', '202105', 'REP', 18),
('a17', '202106', 'ETP', 9),
('a17', '202106', 'KM', 932),
('a17', '202106', 'NUI', 20),
('a17', '202106', 'REP', 8),
('a17', '202107', 'ETP', 6),
('a17', '202107', 'KM', 561),
('a17', '202107', 'NUI', 12),
('a17', '202107', 'REP', 6),
('a17', '202108', 'ETP', 8),
('a17', '202108', 'KM', 897),
('a17', '202108', 'NUI', 12),
('a17', '202108', 'REP', 3),
('a17', '202109', 'ETP', 41),
('a17', '202109', 'KM', 852),
('a17', '202109', 'NUI', 3),
('a17', '202109', 'REP', 3),
('a17', '202110', 'ETP', 2),
('a17', '202110', 'KM', 98),
('a17', '202110', 'NUI', 54),
('a17', '202110', 'REP', 4),
('a17', '202111', 'ETP', 63),
('a17', '202111', 'KM', 852),
('a17', '202111', 'NUI', 3),
('a17', '202111', 'REP', 3),
('a17', '202112', 'ETP', 9),
('a17', '202112', 'KM', 897),
('a17', '202112', 'NUI', 12),
('a17', '202112', 'REP', 3),
('a55', '202009', 'ETP', 11),
('a55', '202009', 'KM', 747),
('a55', '202009', 'NUI', 16),
('a55', '202009', 'REP', 6),
('a55', '202010', 'ETP', 6),
('a55', '202010', 'KM', 844),
('a55', '202010', 'NUI', 17),
('a55', '202010', 'REP', 5),
('a55', '202011', 'ETP', 14),
('a55', '202011', 'KM', 963),
('a55', '202011', 'NUI', 19),
('a55', '202011', 'REP', 12),
('a55', '202012', 'ETP', 12),
('a55', '202012', 'KM', 422),
('a55', '202012', 'NUI', 16),
('a55', '202012', 'REP', 12),
('a55', '202101', 'ETP', 5),
('a55', '202101', 'KM', 631),
('a55', '202101', 'NUI', 10),
('a55', '202101', 'REP', 4),
('a55', '202102', 'ETP', 18),
('a55', '202102', 'KM', 851),
('a55', '202102', 'NUI', 13),
('a55', '202102', 'REP', 16),
('a55', '202103', 'ETP', 10),
('a55', '202103', 'KM', 439),
('a55', '202103', 'NUI', 12),
('a55', '202103', 'REP', 4),
('a55', '202104', 'ETP', 12),
('a55', '202104', 'KM', 785),
('a55', '202104', 'NUI', 7),
('a55', '202104', 'REP', 2),
('a55', '202105', 'ETP', 18),
('a55', '202105', 'KM', 529),
('a55', '202105', 'NUI', 2),
('a55', '202105', 'REP', 10),
('a55', '202106', 'ETP', 17),
('a55', '202106', 'KM', 519),
('a55', '202106', 'NUI', 7),
('a55', '202106', 'REP', 14),
('a55', '202107', 'ETP', 15),
('a55', '202107', 'KM', 603),
('a55', '202107', 'NUI', 19),
('a55', '202107', 'REP', 16),
('a55', '202108', 'ETP', 20),
('a55', '202108', 'KM', 362),
('a55', '202108', 'NUI', 18),
('a55', '202108', 'REP', 16),
('a93', '202009', 'ETP', 3),
('a93', '202009', 'KM', 998),
('a93', '202009', 'NUI', 12),
('a93', '202009', 'REP', 18),
('a93', '202010', 'ETP', 19),
('a93', '202010', 'KM', 799),
('a93', '202010', 'NUI', 3),
('a93', '202010', 'REP', 8),
('a93', '202011', 'ETP', 16),
('a93', '202011', 'KM', 728),
('a93', '202011', 'NUI', 6),
('a93', '202011', 'REP', 19),
('a93', '202012', 'ETP', 9),
('a93', '202012', 'KM', 882),
('a93', '202012', 'NUI', 15),
('a93', '202012', 'REP', 9),
('a93', '202101', 'ETP', 18),
('a93', '202101', 'KM', 356),
('a93', '202101', 'NUI', 15),
('a93', '202101', 'REP', 7),
('a93', '202102', 'ETP', 20),
('a93', '202102', 'KM', 810),
('a93', '202102', 'NUI', 5),
('a93', '202102', 'REP', 20),
('a93', '202103', 'ETP', 16),
('a93', '202103', 'KM', 331),
('a93', '202103', 'NUI', 3),
('a93', '202103', 'REP', 12),
('a93', '202104', 'ETP', 15),
('a93', '202104', 'KM', 966),
('a93', '202104', 'NUI', 14),
('a93', '202104', 'REP', 10),
('a93', '202105', 'ETP', 11),
('a93', '202105', 'KM', 369),
('a93', '202105', 'NUI', 19),
('a93', '202105', 'REP', 16),
('a93', '202106', 'ETP', 16),
('a93', '202106', 'KM', 657),
('a93', '202106', 'NUI', 9),
('a93', '202106', 'REP', 10),
('a93', '202107', 'ETP', 7),
('a93', '202107', 'KM', 827),
('a93', '202107', 'NUI', 14),
('a93', '202107', 'REP', 7),
('a93', '202108', 'ETP', 4),
('a93', '202108', 'KM', 606),
('a93', '202108', 'NUI', 2),
('a93', '202108', 'REP', 20),
('b13', '202009', 'ETP', 2),
('b13', '202009', 'KM', 395),
('b13', '202009', 'NUI', 10),
('b13', '202009', 'REP', 7),
('b13', '202010', 'ETP', 13),
('b13', '202010', 'KM', 738),
('b13', '202010', 'NUI', 10),
('b13', '202010', 'REP', 4),
('b13', '202011', 'ETP', 16),
('b13', '202011', 'KM', 879),
('b13', '202011', 'NUI', 10),
('b13', '202011', 'REP', 18),
('b13', '202012', 'ETP', 19),
('b13', '202012', 'KM', 589),
('b13', '202012', 'NUI', 19),
('b13', '202012', 'REP', 6),
('b13', '202101', 'ETP', 8),
('b13', '202101', 'KM', 829),
('b13', '202101', 'NUI', 16),
('b13', '202101', 'REP', 12),
('b13', '202102', 'ETP', 2),
('b13', '202102', 'KM', 350),
('b13', '202102', 'NUI', 7),
('b13', '202102', 'REP', 16),
('b13', '202103', 'ETP', 18),
('b13', '202103', 'KM', 924),
('b13', '202103', 'NUI', 9),
('b13', '202103', 'REP', 4),
('b13', '202104', 'ETP', 10),
('b13', '202104', 'KM', 364),
('b13', '202104', 'NUI', 11),
('b13', '202104', 'REP', 3),
('b13', '202105', 'ETP', 15),
('b13', '202105', 'KM', 369),
('b13', '202105', 'NUI', 3),
('b13', '202105', 'REP', 7),
('b13', '202106', 'ETP', 16),
('b13', '202106', 'KM', 771),
('b13', '202106', 'NUI', 20),
('b13', '202106', 'REP', 7),
('b13', '202107', 'ETP', 2),
('b13', '202107', 'KM', 942),
('b13', '202107', 'NUI', 16),
('b13', '202107', 'REP', 14),
('b13', '202108', 'ETP', 20),
('b13', '202108', 'KM', 851),
('b13', '202108', 'NUI', 9),
('b13', '202108', 'REP', 16),
('b16', '202009', 'ETP', 15),
('b16', '202009', 'KM', 414),
('b16', '202009', 'NUI', 14),
('b16', '202009', 'REP', 5),
('b16', '202010', 'ETP', 9),
('b16', '202010', 'KM', 588),
('b16', '202010', 'NUI', 2),
('b16', '202010', 'REP', 2),
('b16', '202011', 'ETP', 4),
('b16', '202011', 'KM', 390),
('b16', '202011', 'NUI', 18),
('b16', '202011', 'REP', 11),
('b16', '202012', 'ETP', 3),
('b16', '202012', 'KM', 320),
('b16', '202012', 'NUI', 19),
('b16', '202012', 'REP', 14),
('b16', '202101', 'ETP', 6),
('b16', '202101', 'KM', 462),
('b16', '202101', 'NUI', 4),
('b16', '202101', 'REP', 3),
('b16', '202102', 'ETP', 10),
('b16', '202102', 'KM', 968),
('b16', '202102', 'NUI', 19),
('b16', '202102', 'REP', 11),
('b16', '202103', 'ETP', 6),
('b16', '202103', 'KM', 960),
('b16', '202103', 'NUI', 10),
('b16', '202103', 'REP', 5),
('b16', '202104', 'ETP', 19),
('b16', '202104', 'KM', 572),
('b16', '202104', 'NUI', 12),
('b16', '202104', 'REP', 14),
('b16', '202105', 'ETP', 10),
('b16', '202105', 'KM', 864),
('b16', '202105', 'NUI', 2),
('b16', '202105', 'REP', 8),
('b16', '202106', 'ETP', 14),
('b16', '202106', 'KM', 514),
('b16', '202106', 'NUI', 17),
('b16', '202106', 'REP', 12),
('b16', '202107', 'ETP', 8),
('b16', '202107', 'KM', 993),
('b16', '202107', 'NUI', 8),
('b16', '202107', 'REP', 15),
('b16', '202108', 'ETP', 6),
('b16', '202108', 'KM', 880),
('b16', '202108', 'NUI', 5),
('b16', '202108', 'REP', 13),
('b19', '202009', 'ETP', 14),
('b19', '202009', 'KM', 663),
('b19', '202009', 'NUI', 2),
('b19', '202009', 'REP', 8),
('b19', '202010', 'ETP', 9),
('b19', '202010', 'KM', 476),
('b19', '202010', 'NUI', 16),
('b19', '202010', 'REP', 19),
('b19', '202011', 'ETP', 10),
('b19', '202011', 'KM', 559),
('b19', '202011', 'NUI', 16),
('b19', '202011', 'REP', 20),
('b19', '202012', 'ETP', 6),
('b19', '202012', 'KM', 470),
('b19', '202012', 'NUI', 5),
('b19', '202012', 'REP', 18),
('b19', '202101', 'ETP', 11),
('b19', '202101', 'KM', 454),
('b19', '202101', 'NUI', 13),
('b19', '202101', 'REP', 20),
('b19', '202102', 'ETP', 20),
('b19', '202102', 'KM', 559),
('b19', '202102', 'NUI', 13),
('b19', '202102', 'REP', 15),
('b19', '202103', 'ETP', 17),
('b19', '202103', 'KM', 664),
('b19', '202103', 'NUI', 20),
('b19', '202103', 'REP', 12),
('b19', '202104', 'ETP', 14),
('b19', '202104', 'KM', 867),
('b19', '202104', 'NUI', 19),
('b19', '202104', 'REP', 16),
('b19', '202105', 'ETP', 11),
('b19', '202105', 'KM', 759),
('b19', '202105', 'NUI', 4),
('b19', '202105', 'REP', 3),
('b19', '202106', 'ETP', 9),
('b19', '202106', 'KM', 472),
('b19', '202106', 'NUI', 5),
('b19', '202106', 'REP', 16),
('b19', '202107', 'ETP', 4),
('b19', '202107', 'KM', 968),
('b19', '202107', 'NUI', 17),
('b19', '202107', 'REP', 8),
('b19', '202108', 'ETP', 16),
('b19', '202108', 'KM', 506),
('b19', '202108', 'NUI', 6),
('b19', '202108', 'REP', 3),
('b25', '202009', 'ETP', 20),
('b25', '202009', 'KM', 949),
('b25', '202009', 'NUI', 6),
('b25', '202009', 'REP', 12),
('b25', '202010', 'ETP', 14),
('b25', '202010', 'KM', 505),
('b25', '202010', 'NUI', 4),
('b25', '202010', 'REP', 9),
('b25', '202011', 'ETP', 11),
('b25', '202011', 'KM', 982),
('b25', '202011', 'NUI', 15),
('b25', '202011', 'REP', 11),
('b25', '202012', 'ETP', 8),
('b25', '202012', 'KM', 749),
('b25', '202012', 'NUI', 15),
('b25', '202012', 'REP', 5),
('b25', '202101', 'ETP', 19),
('b25', '202101', 'KM', 893),
('b25', '202101', 'NUI', 7),
('b25', '202101', 'REP', 11),
('b25', '202102', 'ETP', 8),
('b25', '202102', 'KM', 593),
('b25', '202102', 'NUI', 13),
('b25', '202102', 'REP', 15),
('b25', '202103', 'ETP', 16),
('b25', '202103', 'KM', 915),
('b25', '202103', 'NUI', 15),
('b25', '202103', 'REP', 20),
('b25', '202104', 'ETP', 5),
('b25', '202104', 'KM', 476),
('b25', '202104', 'NUI', 7),
('b25', '202104', 'REP', 20),
('b25', '202105', 'ETP', 13),
('b25', '202105', 'KM', 658),
('b25', '202105', 'NUI', 2),
('b25', '202105', 'REP', 16),
('b25', '202106', 'ETP', 9),
('b25', '202106', 'KM', 374),
('b25', '202106', 'NUI', 19),
('b25', '202106', 'REP', 2),
('b25', '202107', 'ETP', 12),
('b25', '202107', 'KM', 502),
('b25', '202107', 'NUI', 20),
('b25', '202107', 'REP', 14),
('b25', '202108', 'ETP', 12),
('b25', '202108', 'KM', 638),
('b25', '202108', 'NUI', 7),
('b25', '202108', 'REP', 16),
('b28', '202009', 'ETP', 17),
('b28', '202009', 'KM', 609),
('b28', '202009', 'NUI', 8),
('b28', '202009', 'REP', 13),
('b28', '202010', 'ETP', 19),
('b28', '202010', 'KM', 368),
('b28', '202010', 'NUI', 13),
('b28', '202010', 'REP', 12),
('b28', '202011', 'ETP', 12),
('b28', '202011', 'KM', 937),
('b28', '202011', 'NUI', 3),
('b28', '202011', 'REP', 8),
('b28', '202012', 'ETP', 4),
('b28', '202012', 'KM', 337),
('b28', '202012', 'NUI', 9),
('b28', '202012', 'REP', 15),
('b28', '202101', 'ETP', 18),
('b28', '202101', 'KM', 310),
('b28', '202101', 'NUI', 7),
('b28', '202101', 'REP', 4),
('b28', '202102', 'ETP', 6),
('b28', '202102', 'KM', 708),
('b28', '202102', 'NUI', 13),
('b28', '202102', 'REP', 13),
('b28', '202103', 'ETP', 17),
('b28', '202103', 'KM', 858),
('b28', '202103', 'NUI', 16),
('b28', '202103', 'REP', 2),
('b28', '202104', 'ETP', 4),
('b28', '202104', 'KM', 439),
('b28', '202104', 'NUI', 4),
('b28', '202104', 'REP', 13),
('b28', '202105', 'ETP', 13),
('b28', '202105', 'KM', 751),
('b28', '202105', 'NUI', 4),
('b28', '202105', 'REP', 14),
('b28', '202106', 'ETP', 17),
('b28', '202106', 'KM', 707),
('b28', '202106', 'NUI', 10),
('b28', '202106', 'REP', 5),
('b28', '202107', 'ETP', 19),
('b28', '202107', 'KM', 859),
('b28', '202107', 'NUI', 7),
('b28', '202107', 'REP', 12),
('b28', '202108', 'ETP', 10),
('b28', '202108', 'KM', 951),
('b28', '202108', 'NUI', 2),
('b28', '202108', 'REP', 19),
('b34', '202009', 'ETP', 19),
('b34', '202009', 'KM', 581),
('b34', '202009', 'NUI', 16),
('b34', '202009', 'REP', 10),
('b34', '202010', 'ETP', 17),
('b34', '202010', 'KM', 515),
('b34', '202010', 'NUI', 6),
('b34', '202010', 'REP', 13),
('b34', '202011', 'ETP', 15),
('b34', '202011', 'KM', 501),
('b34', '202011', 'NUI', 18),
('b34', '202011', 'REP', 7),
('b34', '202012', 'ETP', 15),
('b34', '202012', 'KM', 537),
('b34', '202012', 'NUI', 16),
('b34', '202012', 'REP', 18),
('b34', '202101', 'ETP', 14),
('b34', '202101', 'KM', 532),
('b34', '202101', 'NUI', 3),
('b34', '202101', 'REP', 9),
('b34', '202102', 'ETP', 9),
('b34', '202102', 'KM', 925),
('b34', '202102', 'NUI', 13),
('b34', '202102', 'REP', 15),
('b34', '202103', 'ETP', 18),
('b34', '202103', 'KM', 392),
('b34', '202103', 'NUI', 8),
('b34', '202103', 'REP', 9),
('b34', '202104', 'ETP', 11),
('b34', '202104', 'KM', 810),
('b34', '202104', 'NUI', 3),
('b34', '202104', 'REP', 13),
('b34', '202105', 'ETP', 8),
('b34', '202105', 'KM', 833),
('b34', '202105', 'NUI', 19),
('b34', '202105', 'REP', 7),
('b34', '202106', 'ETP', 11),
('b34', '202106', 'KM', 707),
('b34', '202106', 'NUI', 17),
('b34', '202106', 'REP', 2),
('b34', '202107', 'ETP', 14),
('b34', '202107', 'KM', 897),
('b34', '202107', 'NUI', 11),
('b34', '202107', 'REP', 9),
('b34', '202108', 'ETP', 20),
('b34', '202108', 'KM', 611),
('b34', '202108', 'NUI', 3),
('b34', '202108', 'REP', 9),
('b4', '202009', 'ETP', 20),
('b4', '202009', 'KM', 435),
('b4', '202009', 'NUI', 20),
('b4', '202009', 'REP', 2),
('b4', '202010', 'ETP', 11),
('b4', '202010', 'KM', 851),
('b4', '202010', 'NUI', 13),
('b4', '202010', 'REP', 17),
('b4', '202011', 'ETP', 6),
('b4', '202011', 'KM', 740),
('b4', '202011', 'NUI', 12),
('b4', '202011', 'REP', 17),
('b4', '202012', 'ETP', 7),
('b4', '202012', 'KM', 300),
('b4', '202012', 'NUI', 4),
('b4', '202012', 'REP', 20),
('b4', '202101', 'ETP', 14),
('b4', '202101', 'KM', 964),
('b4', '202101', 'NUI', 14),
('b4', '202101', 'REP', 18),
('b4', '202102', 'ETP', 19),
('b4', '202102', 'KM', 581),
('b4', '202102', 'NUI', 11),
('b4', '202102', 'REP', 11),
('b4', '202103', 'ETP', 10),
('b4', '202103', 'KM', 934),
('b4', '202103', 'NUI', 14),
('b4', '202103', 'REP', 7),
('b4', '202104', 'ETP', 2),
('b4', '202104', 'KM', 358),
('b4', '202104', 'NUI', 16),
('b4', '202104', 'REP', 8),
('b4', '202105', 'ETP', 4),
('b4', '202105', 'KM', 835),
('b4', '202105', 'NUI', 16),
('b4', '202105', 'REP', 17),
('b4', '202106', 'ETP', 14),
('b4', '202106', 'KM', 498),
('b4', '202106', 'NUI', 9),
('b4', '202106', 'REP', 9),
('b4', '202107', 'ETP', 13),
('b4', '202107', 'KM', 729),
('b4', '202107', 'NUI', 18),
('b4', '202107', 'REP', 4),
('b4', '202108', 'ETP', 16),
('b4', '202108', 'KM', 739),
('b4', '202108', 'NUI', 19),
('b4', '202108', 'REP', 17),
('b50', '202009', 'ETP', 11),
('b50', '202009', 'KM', 349),
('b50', '202009', 'NUI', 19),
('b50', '202009', 'REP', 18),
('b50', '202010', 'ETP', 2),
('b50', '202010', 'KM', 725),
('b50', '202010', 'NUI', 8),
('b50', '202010', 'REP', 2),
('b50', '202011', 'ETP', 9),
('b50', '202011', 'KM', 825),
('b50', '202011', 'NUI', 3),
('b50', '202011', 'REP', 16),
('b50', '202012', 'ETP', 16),
('b50', '202012', 'KM', 478),
('b50', '202012', 'NUI', 20),
('b50', '202012', 'REP', 19),
('b50', '202101', 'ETP', 8),
('b50', '202101', 'KM', 395),
('b50', '202101', 'NUI', 8),
('b50', '202101', 'REP', 13),
('b50', '202102', 'ETP', 13),
('b50', '202102', 'KM', 761),
('b50', '202102', 'NUI', 19),
('b50', '202102', 'REP', 7),
('b50', '202103', 'ETP', 4),
('b50', '202103', 'KM', 976),
('b50', '202103', 'NUI', 17),
('b50', '202103', 'REP', 13),
('b50', '202104', 'ETP', 16),
('b50', '202104', 'KM', 461),
('b50', '202104', 'NUI', 6),
('b50', '202104', 'REP', 18),
('b50', '202105', 'ETP', 16),
('b50', '202105', 'KM', 632),
('b50', '202105', 'NUI', 15),
('b50', '202105', 'REP', 19),
('b50', '202106', 'ETP', 15),
('b50', '202106', 'KM', 974),
('b50', '202106', 'NUI', 12),
('b50', '202106', 'REP', 17),
('b50', '202107', 'ETP', 14),
('b50', '202107', 'KM', 874),
('b50', '202107', 'NUI', 2),
('b50', '202107', 'REP', 10),
('b50', '202108', 'ETP', 19),
('b50', '202108', 'KM', 703),
('b50', '202108', 'NUI', 9),
('b50', '202108', 'REP', 18),
('b59', '202009', 'ETP', 3),
('b59', '202009', 'KM', 558),
('b59', '202009', 'NUI', 8),
('b59', '202009', 'REP', 11),
('b59', '202010', 'ETP', 4),
('b59', '202010', 'KM', 954),
('b59', '202010', 'NUI', 6),
('b59', '202010', 'REP', 14),
('b59', '202011', 'ETP', 2),
('b59', '202011', 'KM', 640),
('b59', '202011', 'NUI', 14),
('b59', '202011', 'REP', 3),
('b59', '202012', 'ETP', 5),
('b59', '202012', 'KM', 437),
('b59', '202012', 'NUI', 3),
('b59', '202012', 'REP', 8),
('b59', '202101', 'ETP', 12),
('b59', '202101', 'KM', 576),
('b59', '202101', 'NUI', 3),
('b59', '202101', 'REP', 9),
('b59', '202102', 'ETP', 11),
('b59', '202102', 'KM', 821),
('b59', '202102', 'NUI', 7),
('b59', '202102', 'REP', 8),
('b59', '202103', 'ETP', 19),
('b59', '202103', 'KM', 846),
('b59', '202103', 'NUI', 13),
('b59', '202103', 'REP', 2),
('b59', '202104', 'ETP', 11),
('b59', '202104', 'KM', 777),
('b59', '202104', 'NUI', 10),
('b59', '202104', 'REP', 18),
('b59', '202105', 'ETP', 2),
('b59', '202105', 'KM', 668),
('b59', '202105', 'NUI', 11),
('b59', '202105', 'REP', 11),
('b59', '202106', 'ETP', 10),
('b59', '202106', 'KM', 430),
('b59', '202106', 'NUI', 7),
('b59', '202106', 'REP', 9),
('b59', '202107', 'ETP', 4),
('b59', '202107', 'KM', 395),
('b59', '202107', 'NUI', 11),
('b59', '202107', 'REP', 10),
('b59', '202108', 'ETP', 15),
('b59', '202108', 'KM', 809),
('b59', '202108', 'NUI', 3),
('b59', '202108', 'REP', 16),
('c14', '202009', 'ETP', 17),
('c14', '202009', 'KM', 383),
('c14', '202009', 'NUI', 19),
('c14', '202009', 'REP', 14),
('c14', '202010', 'ETP', 11),
('c14', '202010', 'KM', 804),
('c14', '202010', 'NUI', 10),
('c14', '202010', 'REP', 15),
('c14', '202011', 'ETP', 4),
('c14', '202011', 'KM', 510),
('c14', '202011', 'NUI', 13),
('c14', '202011', 'REP', 15),
('c14', '202012', 'ETP', 3),
('c14', '202012', 'KM', 603),
('c14', '202012', 'NUI', 8),
('c14', '202012', 'REP', 5),
('c14', '202101', 'ETP', 14),
('c14', '202101', 'KM', 999),
('c14', '202101', 'NUI', 16),
('c14', '202101', 'REP', 17),
('c14', '202102', 'ETP', 2),
('c14', '202102', 'KM', 419),
('c14', '202102', 'NUI', 3),
('c14', '202102', 'REP', 16),
('c14', '202103', 'ETP', 4),
('c14', '202103', 'KM', 677),
('c14', '202103', 'NUI', 8),
('c14', '202103', 'REP', 15),
('c14', '202104', 'ETP', 15),
('c14', '202104', 'KM', 926),
('c14', '202104', 'NUI', 14),
('c14', '202104', 'REP', 16),
('c14', '202105', 'ETP', 18),
('c14', '202105', 'KM', 688),
('c14', '202105', 'NUI', 15),
('c14', '202105', 'REP', 18),
('c14', '202106', 'ETP', 20),
('c14', '202106', 'KM', 676),
('c14', '202106', 'NUI', 13),
('c14', '202106', 'REP', 17),
('c14', '202107', 'ETP', 9),
('c14', '202107', 'KM', 351),
('c14', '202107', 'NUI', 5),
('c14', '202107', 'REP', 13),
('c14', '202108', 'ETP', 9),
('c14', '202108', 'KM', 534),
('c14', '202108', 'NUI', 3),
('c14', '202108', 'REP', 17),
('c3', '202009', 'ETP', 20),
('c3', '202009', 'KM', 451),
('c3', '202009', 'NUI', 16),
('c3', '202009', 'REP', 2),
('c3', '202010', 'ETP', 14),
('c3', '202010', 'KM', 488),
('c3', '202010', 'NUI', 2),
('c3', '202010', 'REP', 10),
('c3', '202011', 'ETP', 20),
('c3', '202011', 'KM', 856),
('c3', '202011', 'NUI', 16),
('c3', '202011', 'REP', 12),
('c3', '202012', 'ETP', 15),
('c3', '202012', 'KM', 595),
('c3', '202012', 'NUI', 5),
('c3', '202012', 'REP', 19),
('c3', '202101', 'ETP', 13),
('c3', '202101', 'KM', 981),
('c3', '202101', 'NUI', 10),
('c3', '202101', 'REP', 19),
('c3', '202102', 'ETP', 12),
('c3', '202102', 'KM', 495),
('c3', '202102', 'NUI', 16),
('c3', '202102', 'REP', 2),
('c3', '202103', 'ETP', 11),
('c3', '202103', 'KM', 901),
('c3', '202103', 'NUI', 14),
('c3', '202103', 'REP', 17),
('c3', '202104', 'ETP', 12),
('c3', '202104', 'KM', 503),
('c3', '202104', 'NUI', 7),
('c3', '202104', 'REP', 5),
('c3', '202105', 'ETP', 7),
('c3', '202105', 'KM', 307),
('c3', '202105', 'NUI', 7),
('c3', '202105', 'REP', 8),
('c3', '202106', 'ETP', 20),
('c3', '202106', 'KM', 794),
('c3', '202106', 'NUI', 13),
('c3', '202106', 'REP', 15),
('c3', '202107', 'ETP', 11),
('c3', '202107', 'KM', 962),
('c3', '202107', 'NUI', 15),
('c3', '202107', 'REP', 19),
('c3', '202108', 'ETP', 18),
('c3', '202108', 'KM', 371),
('c3', '202108', 'NUI', 18),
('c3', '202108', 'REP', 9),
('c54', '202009', 'ETP', 2),
('c54', '202009', 'KM', 989),
('c54', '202009', 'NUI', 20),
('c54', '202009', 'REP', 18),
('c54', '202010', 'ETP', 7),
('c54', '202010', 'KM', 491),
('c54', '202010', 'NUI', 19),
('c54', '202010', 'REP', 5),
('c54', '202011', 'ETP', 8),
('c54', '202011', 'KM', 589),
('c54', '202011', 'NUI', 3),
('c54', '202011', 'REP', 15),
('c54', '202012', 'ETP', 16),
('c54', '202012', 'KM', 570),
('c54', '202012', 'NUI', 12),
('c54', '202012', 'REP', 13),
('c54', '202101', 'ETP', 3),
('c54', '202101', 'KM', 309),
('c54', '202101', 'NUI', 12),
('c54', '202101', 'REP', 17),
('c54', '202102', 'ETP', 8),
('c54', '202102', 'KM', 321),
('c54', '202102', 'NUI', 3),
('c54', '202102', 'REP', 5),
('c54', '202103', 'ETP', 15),
('c54', '202103', 'KM', 989),
('c54', '202103', 'NUI', 2),
('c54', '202103', 'REP', 13),
('c54', '202104', 'ETP', 5),
('c54', '202104', 'KM', 312),
('c54', '202104', 'NUI', 18),
('c54', '202104', 'REP', 9),
('c54', '202105', 'ETP', 9),
('c54', '202105', 'KM', 790),
('c54', '202105', 'NUI', 16),
('c54', '202105', 'REP', 18),
('c54', '202106', 'ETP', 18),
('c54', '202106', 'KM', 626),
('c54', '202106', 'NUI', 6),
('c54', '202106', 'REP', 20),
('c54', '202107', 'ETP', 5),
('c54', '202107', 'KM', 702),
('c54', '202107', 'NUI', 13),
('c54', '202107', 'REP', 9),
('c54', '202108', 'ETP', 9),
('c54', '202108', 'KM', 855),
('c54', '202108', 'NUI', 2),
('c54', '202108', 'REP', 9),
('d13', '202009', 'ETP', 4),
('d13', '202009', 'KM', 930),
('d13', '202009', 'NUI', 8),
('d13', '202009', 'REP', 13),
('d13', '202010', 'ETP', 2),
('d13', '202010', 'KM', 607),
('d13', '202010', 'NUI', 4),
('d13', '202010', 'REP', 2),
('d13', '202011', 'ETP', 19),
('d13', '202011', 'KM', 763),
('d13', '202011', 'NUI', 6),
('d13', '202011', 'REP', 8),
('d13', '202012', 'ETP', 17),
('d13', '202012', 'KM', 373),
('d13', '202012', 'NUI', 8),
('d13', '202012', 'REP', 11),
('d13', '202101', 'ETP', 15),
('d13', '202101', 'KM', 639),
('d13', '202101', 'NUI', 12),
('d13', '202101', 'REP', 9),
('d13', '202102', 'ETP', 2),
('d13', '202102', 'KM', 765),
('d13', '202102', 'NUI', 19),
('d13', '202102', 'REP', 10),
('d13', '202103', 'ETP', 3),
('d13', '202103', 'KM', 585),
('d13', '202103', 'NUI', 17),
('d13', '202103', 'REP', 3),
('d13', '202104', 'ETP', 3),
('d13', '202104', 'KM', 892),
('d13', '202104', 'NUI', 4),
('d13', '202104', 'REP', 3),
('d13', '202105', 'ETP', 11),
('d13', '202105', 'KM', 555),
('d13', '202105', 'NUI', 19),
('d13', '202105', 'REP', 20),
('d13', '202106', 'ETP', 14),
('d13', '202106', 'KM', 761),
('d13', '202106', 'NUI', 13),
('d13', '202106', 'REP', 14),
('d13', '202107', 'ETP', 3),
('d13', '202107', 'KM', 646),
('d13', '202107', 'NUI', 18),
('d13', '202107', 'REP', 4),
('d13', '202108', 'ETP', 19),
('d13', '202108', 'KM', 619),
('d13', '202108', 'NUI', 9),
('d13', '202108', 'REP', 14),
('d51', '202009', 'ETP', 7),
('d51', '202009', 'KM', 462),
('d51', '202009', 'NUI', 2),
('d51', '202009', 'REP', 9),
('d51', '202010', 'ETP', 8),
('d51', '202010', 'KM', 876),
('d51', '202010', 'NUI', 3),
('d51', '202010', 'REP', 5),
('d51', '202011', 'ETP', 19),
('d51', '202011', 'KM', 414),
('d51', '202011', 'NUI', 9),
('d51', '202011', 'REP', 14),
('d51', '202012', 'ETP', 2),
('d51', '202012', 'KM', 878),
('d51', '202012', 'NUI', 5),
('d51', '202012', 'REP', 19),
('d51', '202101', 'ETP', 8),
('d51', '202101', 'KM', 696),
('d51', '202101', 'NUI', 4),
('d51', '202101', 'REP', 14),
('d51', '202102', 'ETP', 17),
('d51', '202102', 'KM', 604),
('d51', '202102', 'NUI', 6),
('d51', '202102', 'REP', 10),
('d51', '202103', 'ETP', 10),
('d51', '202103', 'KM', 539),
('d51', '202103', 'NUI', 2),
('d51', '202103', 'REP', 17),
('d51', '202104', 'ETP', 16),
('d51', '202104', 'KM', 685),
('d51', '202104', 'NUI', 17),
('d51', '202104', 'REP', 2),
('d51', '202105', 'ETP', 3),
('d51', '202105', 'KM', 595),
('d51', '202105', 'NUI', 19),
('d51', '202105', 'REP', 15),
('d51', '202106', 'ETP', 11),
('d51', '202106', 'KM', 319),
('d51', '202106', 'NUI', 14),
('d51', '202106', 'REP', 16),
('d51', '202107', 'ETP', 6),
('d51', '202107', 'KM', 572),
('d51', '202107', 'NUI', 4),
('d51', '202107', 'REP', 7),
('d51', '202108', 'ETP', 11),
('d51', '202108', 'KM', 879),
('d51', '202108', 'NUI', 15),
('d51', '202108', 'REP', 9),
('e22', '202009', 'ETP', 13),
('e22', '202009', 'KM', 938),
('e22', '202009', 'NUI', 20),
('e22', '202009', 'REP', 12),
('e22', '202010', 'ETP', 16),
('e22', '202010', 'KM', 584),
('e22', '202010', 'NUI', 5),
('e22', '202010', 'REP', 7),
('e22', '202011', 'ETP', 12),
('e22', '202011', 'KM', 355),
('e22', '202011', 'NUI', 19),
('e22', '202011', 'REP', 17),
('e22', '202012', 'ETP', 14),
('e22', '202012', 'KM', 767),
('e22', '202012', 'NUI', 12),
('e22', '202012', 'REP', 19),
('e22', '202101', 'ETP', 18),
('e22', '202101', 'KM', 551),
('e22', '202101', 'NUI', 20),
('e22', '202101', 'REP', 20),
('e22', '202102', 'ETP', 4),
('e22', '202102', 'KM', 306),
('e22', '202102', 'NUI', 16),
('e22', '202102', 'REP', 4),
('e22', '202103', 'ETP', 18),
('e22', '202103', 'KM', 885),
('e22', '202103', 'NUI', 11),
('e22', '202103', 'REP', 10),
('e22', '202104', 'ETP', 14),
('e22', '202104', 'KM', 732),
('e22', '202104', 'NUI', 4),
('e22', '202104', 'REP', 14),
('e22', '202105', 'ETP', 5),
('e22', '202105', 'KM', 469),
('e22', '202105', 'NUI', 13),
('e22', '202105', 'REP', 13),
('e22', '202106', 'ETP', 10),
('e22', '202106', 'KM', 387),
('e22', '202106', 'NUI', 2),
('e22', '202106', 'REP', 20),
('e22', '202107', 'ETP', 17),
('e22', '202107', 'KM', 389),
('e22', '202107', 'NUI', 3),
('e22', '202107', 'REP', 2),
('e22', '202108', 'ETP', 6),
('e22', '202108', 'KM', 404),
('e22', '202108', 'NUI', 9),
('e22', '202108', 'REP', 16),
('e24', '202009', 'ETP', 4),
('e24', '202009', 'KM', 680),
('e24', '202009', 'NUI', 10),
('e24', '202009', 'REP', 5),
('e24', '202010', 'ETP', 2),
('e24', '202010', 'KM', 954),
('e24', '202010', 'NUI', 20),
('e24', '202010', 'REP', 16),
('e24', '202011', 'ETP', 5),
('e24', '202011', 'KM', 411),
('e24', '202011', 'NUI', 4),
('e24', '202011', 'REP', 18),
('e24', '202012', 'ETP', 10),
('e24', '202012', 'KM', 430),
('e24', '202012', 'NUI', 2),
('e24', '202012', 'REP', 18),
('e24', '202101', 'ETP', 11),
('e24', '202101', 'KM', 384),
('e24', '202101', 'NUI', 7),
('e24', '202101', 'REP', 17),
('e24', '202102', 'ETP', 17),
('e24', '202102', 'KM', 370),
('e24', '202102', 'NUI', 4),
('e24', '202102', 'REP', 10),
('e24', '202103', 'ETP', 5),
('e24', '202103', 'KM', 490),
('e24', '202103', 'NUI', 10),
('e24', '202103', 'REP', 7),
('e24', '202104', 'ETP', 13),
('e24', '202104', 'KM', 821),
('e24', '202104', 'NUI', 3),
('e24', '202104', 'REP', 4),
('e24', '202105', 'ETP', 16),
('e24', '202105', 'KM', 528),
('e24', '202105', 'NUI', 20),
('e24', '202105', 'REP', 12),
('e24', '202106', 'ETP', 6),
('e24', '202106', 'KM', 332),
('e24', '202106', 'NUI', 18),
('e24', '202106', 'REP', 18),
('e24', '202107', 'ETP', 2),
('e24', '202107', 'KM', 374),
('e24', '202107', 'NUI', 19),
('e24', '202107', 'REP', 19),
('e24', '202108', 'ETP', 4),
('e24', '202108', 'KM', 406),
('e24', '202108', 'NUI', 19),
('e24', '202108', 'REP', 9),
('e39', '202009', 'ETP', 18),
('e39', '202009', 'KM', 921),
('e39', '202009', 'NUI', 4),
('e39', '202009', 'REP', 18),
('e39', '202010', 'ETP', 16),
('e39', '202010', 'KM', 889),
('e39', '202010', 'NUI', 12),
('e39', '202010', 'REP', 9),
('e39', '202011', 'ETP', 10),
('e39', '202011', 'KM', 336),
('e39', '202011', 'NUI', 14),
('e39', '202011', 'REP', 2),
('e39', '202012', 'ETP', 20),
('e39', '202012', 'KM', 854),
('e39', '202012', 'NUI', 12),
('e39', '202012', 'REP', 15),
('e39', '202101', 'ETP', 8),
('e39', '202101', 'KM', 715),
('e39', '202101', 'NUI', 6),
('e39', '202101', 'REP', 5),
('e39', '202102', 'ETP', 14),
('e39', '202102', 'KM', 925),
('e39', '202102', 'NUI', 13),
('e39', '202102', 'REP', 15),
('e39', '202103', 'ETP', 12),
('e39', '202103', 'KM', 759),
('e39', '202103', 'NUI', 15),
('e39', '202103', 'REP', 9),
('e39', '202104', 'ETP', 10),
('e39', '202104', 'KM', 519),
('e39', '202104', 'NUI', 10),
('e39', '202104', 'REP', 19),
('e39', '202105', 'ETP', 7),
('e39', '202105', 'KM', 422),
('e39', '202105', 'NUI', 10),
('e39', '202105', 'REP', 12),
('e39', '202106', 'ETP', 14),
('e39', '202106', 'KM', 344),
('e39', '202106', 'NUI', 6),
('e39', '202106', 'REP', 14),
('e39', '202107', 'ETP', 9),
('e39', '202107', 'KM', 597),
('e39', '202107', 'NUI', 17),
('e39', '202107', 'REP', 19),
('e39', '202108', 'ETP', 11),
('e39', '202108', 'KM', 440),
('e39', '202108', 'NUI', 18),
('e39', '202108', 'REP', 4),
('e49', '202009', 'ETP', 19),
('e49', '202009', 'KM', 877),
('e49', '202009', 'NUI', 5),
('e49', '202009', 'REP', 17),
('e49', '202010', 'ETP', 6),
('e49', '202010', 'KM', 874),
('e49', '202010', 'NUI', 7),
('e49', '202010', 'REP', 17),
('e49', '202011', 'ETP', 9),
('e49', '202011', 'KM', 516),
('e49', '202011', 'NUI', 14),
('e49', '202011', 'REP', 15),
('e49', '202012', 'ETP', 12),
('e49', '202012', 'KM', 357),
('e49', '202012', 'NUI', 5),
('e49', '202012', 'REP', 3),
('e49', '202101', 'ETP', 14),
('e49', '202101', 'KM', 806),
('e49', '202101', 'NUI', 7),
('e49', '202101', 'REP', 15),
('e49', '202102', 'ETP', 10),
('e49', '202102', 'KM', 812),
('e49', '202102', 'NUI', 19),
('e49', '202102', 'REP', 4),
('e49', '202103', 'ETP', 4),
('e49', '202103', 'KM', 585),
('e49', '202103', 'NUI', 20),
('e49', '202103', 'REP', 14),
('e49', '202104', 'ETP', 18),
('e49', '202104', 'KM', 488),
('e49', '202104', 'NUI', 6),
('e49', '202104', 'REP', 4),
('e49', '202105', 'ETP', 8),
('e49', '202105', 'KM', 771),
('e49', '202105', 'NUI', 9),
('e49', '202105', 'REP', 19),
('e49', '202106', 'ETP', 7),
('e49', '202106', 'KM', 584),
('e49', '202106', 'NUI', 19),
('e49', '202106', 'REP', 6),
('e49', '202107', 'ETP', 5),
('e49', '202107', 'KM', 554),
('e49', '202107', 'NUI', 12),
('e49', '202107', 'REP', 5),
('e49', '202108', 'ETP', 13),
('e49', '202108', 'KM', 956),
('e49', '202108', 'NUI', 12),
('e49', '202108', 'REP', 5),
('e5', '202009', 'ETP', 12),
('e5', '202009', 'KM', 518),
('e5', '202009', 'NUI', 7),
('e5', '202009', 'REP', 3),
('e5', '202010', 'ETP', 12),
('e5', '202010', 'KM', 491),
('e5', '202010', 'NUI', 16),
('e5', '202010', 'REP', 3),
('e5', '202011', 'ETP', 10),
('e5', '202011', 'KM', 515),
('e5', '202011', 'NUI', 3),
('e5', '202011', 'REP', 7),
('e5', '202012', 'ETP', 14),
('e5', '202012', 'KM', 842),
('e5', '202012', 'NUI', 2),
('e5', '202012', 'REP', 20),
('e5', '202101', 'ETP', 4),
('e5', '202101', 'KM', 371),
('e5', '202101', 'NUI', 7),
('e5', '202101', 'REP', 6),
('e5', '202102', 'ETP', 3),
('e5', '202102', 'KM', 817),
('e5', '202102', 'NUI', 8),
('e5', '202102', 'REP', 20),
('e5', '202103', 'ETP', 14),
('e5', '202103', 'KM', 671),
('e5', '202103', 'NUI', 5),
('e5', '202103', 'REP', 9),
('e5', '202104', 'ETP', 2),
('e5', '202104', 'KM', 564),
('e5', '202104', 'NUI', 3),
('e5', '202104', 'REP', 17),
('e5', '202105', 'ETP', 14),
('e5', '202105', 'KM', 755),
('e5', '202105', 'NUI', 13),
('e5', '202105', 'REP', 18),
('e5', '202106', 'ETP', 11),
('e5', '202106', 'KM', 426),
('e5', '202106', 'NUI', 18),
('e5', '202106', 'REP', 17),
('e5', '202107', 'ETP', 5),
('e5', '202107', 'KM', 527),
('e5', '202107', 'NUI', 7),
('e5', '202107', 'REP', 6),
('e5', '202108', 'ETP', 5),
('e5', '202108', 'KM', 703),
('e5', '202108', 'NUI', 7),
('e5', '202108', 'REP', 18),
('e52', '202009', 'ETP', 9),
('e52', '202009', 'KM', 846),
('e52', '202009', 'NUI', 19),
('e52', '202009', 'REP', 19),
('e52', '202010', 'ETP', 4),
('e52', '202010', 'KM', 577),
('e52', '202010', 'NUI', 14),
('e52', '202010', 'REP', 16),
('e52', '202011', 'ETP', 4),
('e52', '202011', 'KM', 451),
('e52', '202011', 'NUI', 3),
('e52', '202011', 'REP', 2),
('e52', '202012', 'ETP', 2),
('e52', '202012', 'KM', 595),
('e52', '202012', 'NUI', 10),
('e52', '202012', 'REP', 11),
('e52', '202101', 'ETP', 7),
('e52', '202101', 'KM', 352),
('e52', '202101', 'NUI', 8),
('e52', '202101', 'REP', 6),
('e52', '202102', 'ETP', 19),
('e52', '202102', 'KM', 483),
('e52', '202102', 'NUI', 4),
('e52', '202102', 'REP', 16),
('e52', '202103', 'ETP', 5),
('e52', '202103', 'KM', 569),
('e52', '202103', 'NUI', 16),
('e52', '202103', 'REP', 2),
('e52', '202104', 'ETP', 6),
('e52', '202104', 'KM', 610),
('e52', '202104', 'NUI', 15),
('e52', '202104', 'REP', 6),
('e52', '202105', 'ETP', 15),
('e52', '202105', 'KM', 695),
('e52', '202105', 'NUI', 9),
('e52', '202105', 'REP', 2),
('e52', '202106', 'ETP', 7),
('e52', '202106', 'KM', 903),
('e52', '202106', 'NUI', 14),
('e52', '202106', 'REP', 2),
('e52', '202107', 'ETP', 7),
('e52', '202107', 'KM', 917),
('e52', '202107', 'NUI', 11),
('e52', '202107', 'REP', 4),
('e52', '202108', 'ETP', 13),
('e52', '202108', 'KM', 563),
('e52', '202108', 'NUI', 14),
('e52', '202108', 'REP', 15),
('f21', '202009', 'ETP', 20),
('f21', '202009', 'KM', 432),
('f21', '202009', 'NUI', 9),
('f21', '202009', 'REP', 15),
('f21', '202010', 'ETP', 15),
('f21', '202010', 'KM', 345),
('f21', '202010', 'NUI', 18),
('f21', '202010', 'REP', 9),
('f21', '202011', 'ETP', 2),
('f21', '202011', 'KM', 321),
('f21', '202011', 'NUI', 8),
('f21', '202011', 'REP', 9),
('f21', '202012', 'ETP', 11),
('f21', '202012', 'KM', 654),
('f21', '202012', 'NUI', 13),
('f21', '202012', 'REP', 20),
('f21', '202101', 'ETP', 3),
('f21', '202101', 'KM', 813),
('f21', '202101', 'NUI', 18),
('f21', '202101', 'REP', 20),
('f21', '202102', 'ETP', 7),
('f21', '202102', 'KM', 812),
('f21', '202102', 'NUI', 17),
('f21', '202102', 'REP', 16),
('f21', '202103', 'ETP', 9),
('f21', '202103', 'KM', 736),
('f21', '202103', 'NUI', 11),
('f21', '202103', 'REP', 15),
('f21', '202104', 'ETP', 12),
('f21', '202104', 'KM', 637),
('f21', '202104', 'NUI', 20),
('f21', '202104', 'REP', 3),
('f21', '202105', 'ETP', 12),
('f21', '202105', 'KM', 548),
('f21', '202105', 'NUI', 20),
('f21', '202105', 'REP', 5),
('f21', '202106', 'ETP', 5),
('f21', '202106', 'KM', 890),
('f21', '202106', 'NUI', 8),
('f21', '202106', 'REP', 3),
('f21', '202107', 'ETP', 12),
('f21', '202107', 'KM', 520),
('f21', '202107', 'NUI', 6),
('f21', '202107', 'REP', 17),
('f21', '202108', 'ETP', 15),
('f21', '202108', 'KM', 756),
('f21', '202108', 'NUI', 14),
('f21', '202108', 'REP', 20),
('f39', '202009', 'ETP', 13),
('f39', '202009', 'KM', 866),
('f39', '202009', 'NUI', 18),
('f39', '202009', 'REP', 2),
('f39', '202010', 'ETP', 11),
('f39', '202010', 'KM', 744),
('f39', '202010', 'NUI', 19),
('f39', '202010', 'REP', 10),
('f39', '202011', 'ETP', 2),
('f39', '202011', 'KM', 989),
('f39', '202011', 'NUI', 10),
('f39', '202011', 'REP', 15),
('f39', '202012', 'ETP', 13),
('f39', '202012', 'KM', 478),
('f39', '202012', 'NUI', 13),
('f39', '202012', 'REP', 7),
('f39', '202101', 'ETP', 20),
('f39', '202101', 'KM', 953),
('f39', '202101', 'NUI', 4),
('f39', '202101', 'REP', 10),
('f39', '202102', 'ETP', 7),
('f39', '202102', 'KM', 824),
('f39', '202102', 'NUI', 17),
('f39', '202102', 'REP', 3),
('f39', '202103', 'ETP', 17),
('f39', '202103', 'KM', 810),
('f39', '202103', 'NUI', 2),
('f39', '202103', 'REP', 16),
('f39', '202104', 'ETP', 20),
('f39', '202104', 'KM', 644),
('f39', '202104', 'NUI', 19),
('f39', '202104', 'REP', 15),
('f39', '202105', 'ETP', 5),
('f39', '202105', 'KM', 629),
('f39', '202105', 'NUI', 5),
('f39', '202105', 'REP', 19),
('f39', '202106', 'ETP', 5),
('f39', '202106', 'KM', 714),
('f39', '202106', 'NUI', 7),
('f39', '202106', 'REP', 15),
('f39', '202107', 'ETP', 16),
('f39', '202107', 'KM', 989),
('f39', '202107', 'NUI', 17),
('f39', '202107', 'REP', 7),
('f39', '202108', 'ETP', 19),
('f39', '202108', 'KM', 476),
('f39', '202108', 'NUI', 14),
('f39', '202108', 'REP', 6),
('f4', '202009', 'ETP', 2),
('f4', '202009', 'KM', 911),
('f4', '202009', 'NUI', 10),
('f4', '202009', 'REP', 13),
('f4', '202010', 'ETP', 2),
('f4', '202010', 'KM', 934),
('f4', '202010', 'NUI', 18),
('f4', '202010', 'REP', 9),
('f4', '202011', 'ETP', 9),
('f4', '202011', 'KM', 659),
('f4', '202011', 'NUI', 13),
('f4', '202011', 'REP', 11),
('f4', '202012', 'ETP', 7),
('f4', '202012', 'KM', 727),
('f4', '202012', 'NUI', 12),
('f4', '202012', 'REP', 6),
('f4', '202101', 'ETP', 6),
('f4', '202101', 'KM', 797),
('f4', '202101', 'NUI', 10),
('f4', '202101', 'REP', 13),
('f4', '202102', 'ETP', 3),
('f4', '202102', 'KM', 590),
('f4', '202102', 'NUI', 20),
('f4', '202102', 'REP', 4),
('f4', '202103', 'ETP', 2),
('f4', '202103', 'KM', 801),
('f4', '202103', 'NUI', 6),
('f4', '202103', 'REP', 11),
('f4', '202104', 'ETP', 16),
('f4', '202104', 'KM', 725),
('f4', '202104', 'NUI', 11),
('f4', '202104', 'REP', 4),
('f4', '202105', 'ETP', 10),
('f4', '202105', 'KM', 601),
('f4', '202105', 'NUI', 2),
('f4', '202105', 'REP', 12),
('f4', '202106', 'ETP', 7),
('f4', '202106', 'KM', 848),
('f4', '202106', 'NUI', 13),
('f4', '202106', 'REP', 2),
('f4', '202107', 'ETP', 17),
('f4', '202107', 'KM', 507),
('f4', '202107', 'NUI', 15),
('f4', '202107', 'REP', 2),
('f4', '202108', 'ETP', 7),
('f4', '202108', 'KM', 721),
('f4', '202108', 'NUI', 11),
('f4', '202108', 'REP', 2);

-- --------------------------------------------------------

--
-- Table structure for table `lignefraishorsforfait`
--

DROP TABLE IF EXISTS `lignefraishorsforfait`;
CREATE TABLE IF NOT EXISTS `lignefraishorsforfait` (
  `id` int(11) NOT NULL AUTO_INCREMENT,
  `idvisiteur` char(4) NOT NULL,
  `mois` char(6) NOT NULL,
  `libelle` varchar(100) DEFAULT NULL,
  `date` date DEFAULT NULL,
  `montant` decimal(10,2) DEFAULT NULL,
  PRIMARY KEY (`id`),
  KEY `idvisiteur` (`idvisiteur`,`mois`)
) ENGINE=InnoDB AUTO_INCREMENT=1098 DEFAULT CHARSET=latin1;

--
-- Dumping data for table `lignefraishorsforfait`
--

INSERT INTO `lignefraishorsforfait` (`id`, `idvisiteur`, `mois`, `libelle`, `date`, `montant`) VALUES
(1, 'a131', '202009', 'Location véhicule', '2020-09-07', '294.00'),
(2, 'a131', '202009', 'Location véhicule', '2020-09-27', '210.00'),
(3, 'a131', '202010', 'Location salle conférence', '2020-10-28', '327.00'),
(4, 'a131', '202010', 'Location véhicule', '2020-10-21', '367.00'),
(5, 'a131', '202010', 'Achat de matériel de papèterie', '2020-10-22', '29.00'),
(6, 'a131', '202011', 'Taxi', '2020-11-23', '73.00'),
(7, 'a131', '202011', 'Location salle conférence', '2020-11-08', '210.00'),
(8, 'a131', '202011', 'Location équipement vidéo/sonore', '2020-11-13', '164.00'),
(9, 'a131', '202011', 'Achat de matériel de papèterie', '2020-11-13', '36.00'),
(10, 'a131', '202012', 'Location équipement vidéo/sonore', '2020-12-27', '835.00'),
(11, 'a131', '202012', 'Location salle conférence', '2020-12-22', '295.00'),
(12, 'a131', '202012', 'Location salle conférence', '2020-12-09', '313.00'),
(13, 'a131', '202012', 'Location salle conférence', '2020-12-11', '511.00'),
(14, 'a131', '202101', 'Frais vestimentaire/représentation', '2021-01-22', '242.00'),
(15, 'a131', '202101', 'Frais vestimentaire/représentation', '2021-01-24', '83.00'),
(16, 'a131', '202101', 'Location équipement vidéo/sonore', '2021-01-08', '581.00'),
(17, 'a131', '202101', 'Rémunération intervenant/spécialiste', '2021-01-14', '682.00'),
(18, 'a131', '202101', 'Frais vestimentaire/représentation', '2021-01-20', '149.00'),
(19, 'a131', '202101', 'Rémunération intervenant/spécialiste', '2021-01-01', '936.00'),
(20, 'a131', '202102', 'Location véhicule', '2021-02-26', '222.00'),
(21, 'a131', '202102', 'Location véhicule', '2021-02-20', '257.00'),
(22, 'a131', '202103', 'Rémunération intervenant/spécialiste', '2021-03-28', '398.00'),
(23, 'a131', '202103', 'Taxi', '2021-03-20', '66.00'),
(24, 'a131', '202103', 'Voyage SNCF', '2021-03-23', '72.00'),
(25, 'a131', '202103', 'Traiteur, alimentation, boisson', '2021-03-10', '437.00'),
(26, 'a131', '202104', 'Achat de matériel de papèterie', '2021-04-12', '32.00'),
(27, 'a131', '202104', 'Rémunération intervenant/spécialiste', '2021-04-15', '1109.00'),
(28, 'a131', '202104', 'Voyage SNCF', '2021-04-24', '93.00'),
(29, 'a131', '202104', 'Repas avec praticien', '2021-04-13', '32.00'),
(30, 'a131', '202104', 'Voyage SNCF', '2021-04-28', '136.00'),
(31, 'a131', '202105', 'Frais vestimentaire/représentation', '2021-05-21', '251.00'),
(32, 'a131', '202105', 'Traiteur, alimentation, boisson', '2021-05-16', '111.00'),
(33, 'a131', '202105', 'Voyage SNCF', '2021-05-06', '115.00'),
(34, 'a131', '202106', 'Rémunération intervenant/spécialiste', '2021-06-15', '453.00'),
(35, 'a131', '202107', 'Location véhicule', '2021-07-15', '51.00'),
(36, 'a131', '202107', 'Traiteur, alimentation, boisson', '2021-07-02', '29.00'),
(37, 'a131', '202107', 'Rémunération intervenant/spécialiste', '2021-07-22', '549.00'),
(38, 'a131', '202108', 'Location équipement vidéo/sonore', '2021-08-26', '744.00'),
(39, 'a131', '202108', 'Rémunération intervenant/spécialiste', '2021-08-23', '698.00'),
(40, 'a131', '202109', 'Location salle conférence', '2021-09-02', '5663.00'),
(41, 'a131', '202109', 'REFUSE REFUSE Location salle conférence', '2021-09-15', '221.00'),
(42, 'a131', '202109', 'Voyage SNCF', '2021-09-26', '104.00'),
(43, 'a17', '202009', 'Taxi', '2020-09-17', '78.00'),
(44, 'a17', '202009', 'Voyage SNCF', '2020-09-08', '69.00'),
(45, 'a17', '202010', 'Repas avec praticien', '2020-10-20', '36.00'),
(46, 'a17', '202010', 'Location véhicule', '2020-10-05', '324.00'),
(47, 'a17', '202010', 'Rémunération intervenant/spécialiste', '2020-10-02', '482.00'),
(48, 'a17', '202010', 'Traiteur, alimentation, boisson', '2020-10-02', '270.00'),
(49, 'a17', '202010', 'Taxi', '2020-10-04', '29.00'),
(50, 'a17', '202011', 'Location salle conférence', '2020-11-11', '495.00'),
(51, 'a17', '202012', 'Taxi', '2020-12-08', '78.00'),
(52, 'a17', '202012', 'Traiteur, alimentation, boisson', '2020-12-21', '308.00'),
(53, 'a17', '202012', 'Voyage SNCF', '2020-12-21', '136.00'),
(54, 'a17', '202012', 'Location équipement vidéo/sonore', '2020-12-17', '811.00'),
(55, 'a17', '202012', 'Voyage SNCF', '2020-12-21', '50.00'),
(56, 'a17', '202102', 'Traiteur, alimentation, boisson', '2021-02-17', '81.00'),
(57, 'a17', '202102', 'Taxi', '2021-02-04', '35.00'),
(58, 'a17', '202102', 'Traiteur, alimentation, boisson', '2021-02-11', '416.00'),
(59, 'a17', '202103', 'Traiteur, alimentation, boisson', '2021-03-09', '328.00'),
(60, 'a17', '202104', 'Rémunération intervenant/spécialiste', '2021-04-07', '449.00'),
(61, 'a17', '202105', 'Frais vestimentaire/représentation', '2021-05-21', '26.00'),
(62, 'a17', '202107', 'Location salle conférence', '2021-07-25', '455.00'),
(63, 'a17', '202107', 'Location salle conférence', '2021-07-26', '516.00'),
(64, 'a17', '202107', 'Voyage SNCF', '2021-07-07', '55.00'),
(65, 'a17', '202108', 'Repas avec praticien', '2021-08-28', '33.00'),
(66, 'a17', '202108', 'Taxi', '2021-08-17', '41.00'),
(67, 'a17', '202108', 'Traiteur, alimentation, boisson', '2021-08-23', '200.00'),
(68, 'a17', '202108', 'Voyage SNCF', '2021-08-18', '116.00'),
(69, 'a17', '202108', 'Location véhicule', '2021-08-15', '187.00'),
(70, 'a17', '202109', 'Frais vestimentaire/représentation', '2021-09-22', '100.00'),
(71, 'a17', '202109', 'Location véhicule', '2021-09-09', '336.00'),
(72, 'a55', '202009', 'Traiteur, alimentation, boisson', '2020-09-11', '226.00'),
(73, 'a55', '202009', 'Repas avec praticien', '2020-09-19', '42.00'),
(74, 'a55', '202010', 'Repas avec praticien', '2020-10-09', '32.00'),
(75, 'a55', '202011', 'Repas avec praticien', '2020-11-10', '46.00'),
(76, 'a55', '202011', 'Location équipement vidéo/sonore', '2020-11-20', '423.00'),
(77, 'a55', '202011', 'Frais vestimentaire/représentation', '2020-11-18', '227.00'),
(78, 'a55', '202011', 'Repas avec praticien', '2020-11-23', '44.00'),
(79, 'a55', '202012', 'Rémunération intervenant/spécialiste', '2020-12-22', '688.00'),
(80, 'a55', '202012', 'Achat de matériel de papèterie', '2020-12-23', '42.00'),
(81, 'a55', '202012', 'Location équipement vidéo/sonore', '2020-12-25', '748.00'),
(82, 'a55', '202012', 'Location véhicule', '2020-12-26', '89.00'),
(83, 'a55', '202101', 'Location équipement vidéo/sonore', '2021-01-25', '222.00'),
(84, 'a55', '202101', 'Repas avec praticien', '2021-01-04', '43.00'),
(85, 'a55', '202101', 'Rémunération intervenant/spécialiste', '2021-01-14', '389.00'),
(86, 'a55', '202101', 'Repas avec praticien', '2021-01-20', '48.00'),
(87, 'a55', '202101', 'Traiteur, alimentation, boisson', '2021-01-13', '151.00'),
(88, 'a55', '202102', 'Traiteur, alimentation, boisson', '2021-02-27', '329.00'),
(89, 'a55', '202102', 'Voyage SNCF', '2021-02-14', '146.00'),
(90, 'a55', '202102', 'Traiteur, alimentation, boisson', '2021-02-01', '296.00'),
(91, 'a55', '202102', 'Location véhicule', '2021-02-02', '191.00'),
(92, 'a55', '202102', 'Repas avec praticien', '2021-02-16', '35.00'),
(93, 'a55', '202103', 'Location équipement vidéo/sonore', '2021-03-06', '675.00'),
(94, 'a55', '202103', 'Repas avec praticien', '2021-03-08', '39.00'),
(95, 'a55', '202103', 'Achat de matériel de papèterie', '2021-03-24', '37.00'),
(96, 'a55', '202104', 'Rémunération intervenant/spécialiste', '2021-04-06', '424.00'),
(97, 'a55', '202104', 'Taxi', '2021-04-09', '36.00'),
(98, 'a55', '202104', 'Location équipement vidéo/sonore', '2021-04-10', '777.00'),
(99, 'a55', '202104', 'Repas avec praticien', '2021-04-28', '39.00'),
(100, 'a55', '202104', 'Location véhicule', '2021-04-07', '301.00'),
(101, 'a55', '202105', 'Frais vestimentaire/représentation', '2021-05-13', '165.00'),
(102, 'a55', '202105', 'Voyage SNCF', '2021-05-20', '33.00'),
(103, 'a55', '202105', 'Location équipement vidéo/sonore', '2021-05-17', '799.00'),
(104, 'a55', '202105', 'Traiteur, alimentation, boisson', '2021-05-25', '28.00'),
(105, 'a55', '202106', 'Taxi', '2021-06-23', '49.00'),
(106, 'a55', '202106', 'Voyage SNCF', '2021-06-16', '82.00'),
(107, 'a55', '202106', 'Frais vestimentaire/représentation', '2021-06-11', '288.00'),
(108, 'a55', '202107', 'Location véhicule', '2021-07-17', '283.00'),
(109, 'a55', '202108', 'Frais vestimentaire/représentation', '2021-08-12', '311.00'),
(110, 'a93', '202009', 'Traiteur, alimentation, boisson', '2020-09-28', '369.00'),
(111, 'a93', '202009', 'Location équipement vidéo/sonore', '2020-09-15', '156.00'),
(112, 'a93', '202009', 'Frais vestimentaire/représentation', '2020-09-03', '40.00'),
(113, 'a93', '202009', 'Frais vestimentaire/représentation', '2020-09-15', '323.00'),
(114, 'a93', '202009', 'Taxi', '2020-09-16', '64.00'),
(115, 'a93', '202010', 'Location salle conférence', '2020-10-06', '511.00'),
(116, 'a93', '202010', 'Repas avec praticien', '2020-10-21', '31.00'),
(117, 'a93', '202010', 'Rémunération intervenant/spécialiste', '2020-10-14', '723.00'),
(118, 'a93', '202010', 'Achat de matériel de papèterie', '2020-10-01', '32.00'),
(119, 'a93', '202010', 'Location salle conférence', '2020-10-19', '478.00'),
(120, 'a93', '202011', 'Location équipement vidéo/sonore', '2020-11-03', '815.00'),
(121, 'a93', '202011', 'Repas avec praticien', '2020-11-18', '45.00'),
(122, 'a93', '202011', 'Achat de matériel de papèterie', '2020-11-08', '47.00'),
(123, 'a93', '202011', 'Location équipement vidéo/sonore', '2020-11-05', '405.00'),
(124, 'a93', '202012', 'Location salle conférence', '2020-12-05', '162.00'),
(125, 'a93', '202012', 'Location salle conférence', '2020-12-09', '637.00'),
(126, 'a93', '202012', 'Location équipement vidéo/sonore', '2020-12-26', '219.00'),
(127, 'a93', '202012', 'Repas avec praticien', '2020-12-28', '46.00'),
(128, 'a93', '202012', 'Repas avec praticien', '2020-12-16', '46.00'),
(129, 'a93', '202012', 'Taxi', '2020-12-06', '20.00'),
(130, 'a93', '202101', 'Location équipement vidéo/sonore', '2021-01-13', '368.00'),
(131, 'a93', '202102', 'Repas avec praticien', '2021-02-03', '33.00'),
(132, 'a93', '202102', 'Taxi', '2021-02-11', '61.00'),
(133, 'a93', '202103', 'Voyage SNCF', '2021-03-06', '82.00'),
(134, 'a93', '202103', 'Taxi', '2021-03-04', '53.00'),
(135, 'a93', '202104', 'Voyage SNCF', '2021-04-21', '69.00'),
(136, 'a93', '202104', 'Location véhicule', '2021-04-01', '166.00'),
(137, 'a93', '202104', 'Location salle conférence', '2021-04-14', '421.00'),
(138, 'a93', '202104', 'Traiteur, alimentation, boisson', '2021-04-28', '357.00'),
(139, 'a93', '202104', 'Voyage SNCF', '2021-04-21', '109.00'),
(140, 'a93', '202105', 'Frais vestimentaire/représentation', '2021-05-13', '200.00'),
(141, 'a93', '202105', 'Traiteur, alimentation, boisson', '2021-05-24', '44.00'),
(142, 'a93', '202105', 'Repas avec praticien', '2021-05-11', '45.00'),
(143, 'a93', '202105', 'Location équipement vidéo/sonore', '2021-05-26', '544.00'),
(144, 'a93', '202105', 'Location véhicule', '2021-05-07', '230.00'),
(145, 'a93', '202106', 'Voyage SNCF', '2021-06-25', '74.00'),
(146, 'a93', '202106', 'Location équipement vidéo/sonore', '2021-06-16', '621.00'),
(147, 'a93', '202107', 'Traiteur, alimentation, boisson', '2021-07-13', '150.00'),
(148, 'a93', '202107', 'Voyage SNCF', '2021-07-23', '68.00'),
(149, 'a93', '202107', 'Repas avec praticien', '2021-07-03', '36.00'),
(150, 'a93', '202108', 'Rémunération intervenant/spécialiste', '2021-08-08', '1111.00'),
(151, 'a93', '202108', 'Taxi', '2021-08-01', '40.00'),
(152, 'a93', '202108', 'Taxi', '2021-08-24', '62.00'),
(153, 'b13', '202009', 'Location salle conférence', '2020-09-10', '286.00'),
(154, 'b13', '202009', 'Achat de matériel de papèterie', '2020-09-14', '24.00'),
(155, 'b13', '202009', 'Frais vestimentaire/représentation', '2020-09-17', '43.00'),
(156, 'b13', '202009', 'Traiteur, alimentation, boisson', '2020-09-08', '180.00'),
(157, 'b13', '202010', 'Location salle conférence', '2020-10-06', '570.00'),
(158, 'b13', '202010', 'Location véhicule', '2020-10-27', '62.00'),
(159, 'b13', '202011', 'Taxi', '2020-11-22', '70.00'),
(160, 'b13', '202011', 'Traiteur, alimentation, boisson', '2020-11-01', '202.00'),
(161, 'b13', '202012', 'Traiteur, alimentation, boisson', '2020-12-23', '325.00'),
(162, 'b13', '202012', 'Traiteur, alimentation, boisson', '2020-12-08', '232.00'),
(163, 'b13', '202101', 'Achat de matériel de papèterie', '2021-01-01', '32.00'),
(164, 'b13', '202101', 'Frais vestimentaire/représentation', '2021-01-22', '232.00'),
(165, 'b13', '202101', 'Achat de matériel de papèterie', '2021-01-08', '29.00'),
(166, 'b13', '202101', 'Achat de matériel de papèterie', '2021-01-22', '17.00'),
(167, 'b13', '202102', 'Location équipement vidéo/sonore', '2021-02-07', '504.00'),
(168, 'b13', '202103', 'Rémunération intervenant/spécialiste', '2021-03-27', '786.00'),
(169, 'b13', '202103', 'Location équipement vidéo/sonore', '2021-03-03', '424.00'),
(170, 'b13', '202103', 'Taxi', '2021-03-05', '23.00'),
(171, 'b13', '202103', 'Location équipement vidéo/sonore', '2021-03-22', '508.00'),
(172, 'b13', '202104', 'Frais vestimentaire/représentation', '2021-04-15', '30.00'),
(173, 'b13', '202104', 'Voyage SNCF', '2021-04-10', '142.00'),
(174, 'b13', '202104', 'Rémunération intervenant/spécialiste', '2021-04-16', '1062.00'),
(175, 'b13', '202104', 'Taxi', '2021-04-07', '43.00'),
(176, 'b13', '202104', 'Taxi', '2021-04-17', '74.00'),
(177, 'b13', '202104', 'Repas avec praticien', '2021-04-06', '33.00'),
(178, 'b13', '202105', 'Repas avec praticien', '2021-05-16', '41.00'),
(179, 'b13', '202105', 'Achat de matériel de papèterie', '2021-05-05', '17.00'),
(180, 'b13', '202105', 'Voyage SNCF', '2021-05-06', '38.00'),
(181, 'b13', '202106', 'Taxi', '2021-06-17', '43.00'),
(182, 'b13', '202106', 'Traiteur, alimentation, boisson', '2021-06-19', '132.00'),
(183, 'b13', '202106', 'Rémunération intervenant/spécialiste', '2021-06-24', '1152.00'),
(184, 'b13', '202106', 'Location salle conférence', '2021-06-19', '638.00'),
(185, 'b13', '202107', 'Location véhicule', '2021-07-24', '156.00'),
(186, 'b13', '202107', 'Location équipement vidéo/sonore', '2021-07-21', '486.00'),
(187, 'b13', '202107', 'Repas avec praticien', '2021-07-01', '42.00'),
(188, 'b13', '202107', 'Traiteur, alimentation, boisson', '2021-07-11', '186.00'),
(189, 'b13', '202108', 'Taxi', '2021-08-07', '59.00'),
(190, 'b16', '202009', 'Repas avec praticien', '2020-09-23', '35.00'),
(191, 'b16', '202009', 'Rémunération intervenant/spécialiste', '2020-09-17', '1035.00'),
(192, 'b16', '202009', 'Voyage SNCF', '2020-09-03', '92.00'),
(193, 'b16', '202010', 'Achat de matériel de papèterie', '2020-10-13', '33.00'),
(194, 'b16', '202011', 'Rémunération intervenant/spécialiste', '2020-11-12', '341.00'),
(195, 'b16', '202011', 'Taxi', '2020-11-12', '41.00'),
(196, 'b16', '202011', 'Repas avec praticien', '2020-11-16', '43.00'),
(197, 'b16', '202011', 'Frais vestimentaire/représentation', '2020-11-07', '290.00'),
(198, 'b16', '202011', 'Location véhicule', '2020-11-27', '197.00'),
(199, 'b16', '202011', 'Taxi', '2020-11-20', '76.00'),
(200, 'b16', '202012', 'Achat de matériel de papèterie', '2020-12-17', '39.00'),
(201, 'b16', '202012', 'Location équipement vidéo/sonore', '2020-12-26', '486.00'),
(202, 'b16', '202012', 'Repas avec praticien', '2020-12-01', '45.00'),
(203, 'b16', '202012', 'Rémunération intervenant/spécialiste', '2020-12-10', '994.00'),
(204, 'b16', '202012', 'Location équipement vidéo/sonore', '2020-12-19', '603.00'),
(205, 'b16', '202101', 'Achat de matériel de papèterie', '2021-01-16', '14.00'),
(206, 'b16', '202101', 'Location salle conférence', '2021-01-23', '121.00'),
(207, 'b16', '202102', 'Taxi', '2021-02-03', '41.00'),
(208, 'b16', '202102', 'Taxi', '2021-02-13', '64.00'),
(209, 'b16', '202102', 'Location équipement vidéo/sonore', '2021-02-15', '820.00'),
(210, 'b16', '202102', 'Achat de matériel de papèterie', '2021-02-25', '40.00'),
(211, 'b16', '202102', 'Location salle conférence', '2021-02-05', '405.00'),
(212, 'b16', '202102', 'Repas avec praticien', '2021-02-15', '46.00'),
(213, 'b16', '202103', 'Taxi', '2021-03-04', '68.00'),
(214, 'b16', '202103', 'Traiteur, alimentation, boisson', '2021-03-14', '85.00'),
(215, 'b16', '202103', 'Achat de matériel de papèterie', '2021-03-17', '17.00'),
(216, 'b16', '202103', 'Achat de matériel de papèterie', '2021-03-07', '41.00'),
(217, 'b16', '202104', 'Repas avec praticien', '2021-04-26', '40.00'),
(218, 'b16', '202104', 'Frais vestimentaire/représentation', '2021-04-06', '128.00'),
(219, 'b16', '202105', 'Location équipement vidéo/sonore', '2021-05-13', '589.00'),
(220, 'b16', '202105', 'Frais vestimentaire/représentation', '2021-05-14', '329.00'),
(221, 'b16', '202106', 'Achat de matériel de papèterie', '2021-06-13', '38.00'),
(222, 'b16', '202106', 'Location salle conférence', '2021-06-17', '255.00'),
(223, 'b16', '202106', 'Location véhicule', '2021-06-10', '249.00'),
(224, 'b16', '202107', 'Traiteur, alimentation, boisson', '2021-07-12', '179.00'),
(225, 'b16', '202107', 'Achat de matériel de papèterie', '2021-07-10', '27.00'),
(226, 'b16', '202107', 'Taxi', '2021-07-27', '73.00'),
(227, 'b16', '202107', 'Voyage SNCF', '2021-07-08', '55.00'),
(228, 'b16', '202108', 'Taxi', '2021-08-07', '26.00'),
(229, 'b19', '202009', 'Traiteur, alimentation, boisson', '2020-09-10', '288.00'),
(230, 'b19', '202009', 'Frais vestimentaire/représentation', '2020-09-21', '299.00'),
(231, 'b19', '202009', 'Frais vestimentaire/représentation', '2020-09-28', '229.00'),
(232, 'b19', '202009', 'Traiteur, alimentation, boisson', '2020-09-16', '427.00'),
(233, 'b19', '202010', 'Voyage SNCF', '2020-10-05', '103.00'),
(234, 'b19', '202011', 'Rémunération intervenant/spécialiste', '2020-11-26', '409.00'),
(235, 'b19', '202011', 'Location équipement vidéo/sonore', '2020-11-08', '208.00'),
(236, 'b19', '202011', 'Achat de matériel de papèterie', '2020-11-01', '48.00'),
(237, 'b19', '202011', 'Taxi', '2020-11-01', '45.00'),
(238, 'b19', '202012', 'Voyage SNCF', '2020-12-28', '32.00'),
(239, 'b19', '202012', 'Location véhicule', '2020-12-05', '208.00'),
(240, 'b19', '202012', 'Rémunération intervenant/spécialiste', '2020-12-20', '639.00'),
(241, 'b19', '202012', 'Location salle conférence', '2020-12-10', '385.00'),
(242, 'b19', '202012', 'Taxi', '2020-12-07', '54.00'),
(243, 'b19', '202101', 'Location véhicule', '2021-01-24', '422.00'),
(244, 'b19', '202101', 'Voyage SNCF', '2021-01-04', '145.00'),
(245, 'b19', '202101', 'Location salle conférence', '2021-01-28', '502.00'),
(246, 'b19', '202102', 'Location véhicule', '2021-02-27', '208.00'),
(247, 'b19', '202102', 'Location équipement vidéo/sonore', '2021-02-17', '543.00'),
(248, 'b19', '202102', 'Location salle conférence', '2021-02-20', '171.00'),
(249, 'b19', '202102', 'Location équipement vidéo/sonore', '2021-02-02', '372.00'),
(250, 'b19', '202102', 'Frais vestimentaire/représentation', '2021-02-05', '285.00'),
(251, 'b19', '202103', 'Traiteur, alimentation, boisson', '2021-03-01', '219.00'),
(252, 'b19', '202103', 'Frais vestimentaire/représentation', '2021-03-18', '375.00'),
(253, 'b19', '202103', 'Repas avec praticien', '2021-03-03', '33.00'),
(254, 'b19', '202103', 'Voyage SNCF', '2021-03-13', '134.00'),
(255, 'b19', '202104', 'Location équipement vidéo/sonore', '2021-04-16', '303.00'),
(256, 'b19', '202104', 'Frais vestimentaire/représentation', '2021-04-11', '346.00'),
(257, 'b19', '202104', 'Location salle conférence', '2021-04-12', '215.00'),
(258, 'b19', '202104', 'Achat de matériel de papèterie', '2021-04-06', '12.00'),
(259, 'b19', '202104', 'Location équipement vidéo/sonore', '2021-04-18', '817.00'),
(260, 'b19', '202104', 'Location équipement vidéo/sonore', '2021-04-12', '727.00'),
(261, 'b19', '202106', 'Voyage SNCF', '2021-06-01', '33.00'),
(262, 'b19', '202106', 'Repas avec praticien', '2021-06-15', '48.00'),
(263, 'b19', '202106', 'Location véhicule', '2021-06-05', '121.00'),
(264, 'b19', '202106', 'Frais vestimentaire/représentation', '2021-06-16', '326.00'),
(265, 'b19', '202106', 'Voyage SNCF', '2021-06-18', '133.00'),
(266, 'b19', '202107', 'Rémunération intervenant/spécialiste', '2021-07-08', '1167.00'),
(267, 'b19', '202107', 'Achat de matériel de papèterie', '2021-07-24', '13.00'),
(268, 'b19', '202107', 'Traiteur, alimentation, boisson', '2021-07-15', '257.00'),
(269, 'b19', '202107', 'Rémunération intervenant/spécialiste', '2021-07-20', '1034.00'),
(270, 'b19', '202108', 'Achat de matériel de papèterie', '2021-08-07', '15.00'),
(271, 'b19', '202108', 'Achat de matériel de papèterie', '2021-08-11', '33.00'),
(272, 'b19', '202108', 'Taxi', '2021-08-19', '25.00'),
(273, 'b19', '202108', 'Location salle conférence', '2021-08-17', '313.00'),
(274, 'b19', '202108', 'Achat de matériel de papèterie', '2021-08-15', '33.00'),
(275, 'b25', '202009', 'Traiteur, alimentation, boisson', '2020-09-05', '107.00'),
(276, 'b25', '202010', 'Taxi', '2020-10-08', '60.00'),
(277, 'b25', '202010', 'Repas avec praticien', '2020-10-21', '32.00'),
(278, 'b25', '202010', 'Voyage SNCF', '2020-10-15', '58.00'),
(279, 'b25', '202010', 'Taxi', '2020-10-03', '63.00'),
(280, 'b25', '202010', 'Rémunération intervenant/spécialiste', '2020-10-22', '508.00'),
(281, 'b25', '202011', 'Frais vestimentaire/représentation', '2020-11-02', '196.00'),
(282, 'b25', '202011', 'Rémunération intervenant/spécialiste', '2020-11-18', '1038.00'),
(283, 'b25', '202011', 'Taxi', '2020-11-04', '26.00'),
(284, 'b25', '202011', 'Achat de matériel de papèterie', '2020-11-07', '42.00'),
(285, 'b25', '202012', 'Achat de matériel de papèterie', '2020-12-16', '18.00'),
(286, 'b25', '202012', 'Repas avec praticien', '2020-12-16', '31.00'),
(287, 'b25', '202012', 'Taxi', '2020-12-01', '24.00'),
(288, 'b25', '202012', 'Traiteur, alimentation, boisson', '2020-12-04', '385.00'),
(289, 'b25', '202012', 'Traiteur, alimentation, boisson', '2020-12-16', '136.00'),
(290, 'b25', '202012', 'Repas avec praticien', '2020-12-27', '37.00'),
(291, 'b25', '202101', 'Frais vestimentaire/représentation', '2021-01-23', '240.00'),
(292, 'b25', '202101', 'Frais vestimentaire/représentation', '2021-01-11', '244.00'),
(293, 'b25', '202101', 'Frais vestimentaire/représentation', '2021-01-17', '302.00'),
(294, 'b25', '202102', 'Voyage SNCF', '2021-02-26', '75.00'),
(295, 'b25', '202102', 'Achat de matériel de papèterie', '2021-02-21', '18.00'),
(296, 'b25', '202102', 'Location équipement vidéo/sonore', '2021-02-06', '415.00'),
(297, 'b25', '202102', 'Traiteur, alimentation, boisson', '2021-02-09', '274.00'),
(298, 'b25', '202103', 'Repas avec praticien', '2021-03-14', '45.00'),
(299, 'b25', '202103', 'Traiteur, alimentation, boisson', '2021-03-28', '397.00'),
(300, 'b25', '202103', 'Location équipement vidéo/sonore', '2021-03-03', '521.00'),
(301, 'b25', '202103', 'Traiteur, alimentation, boisson', '2021-03-21', '251.00'),
(302, 'b25', '202103', 'Location salle conférence', '2021-03-21', '600.00'),
(303, 'b25', '202104', 'Location salle conférence', '2021-04-11', '271.00'),
(304, 'b25', '202104', 'Rémunération intervenant/spécialiste', '2021-04-20', '362.00'),
(305, 'b25', '202104', 'Voyage SNCF', '2021-04-19', '106.00'),
(306, 'b25', '202104', 'Location équipement vidéo/sonore', '2021-04-24', '293.00'),
(307, 'b25', '202104', 'Taxi', '2021-04-21', '63.00'),
(308, 'b25', '202104', 'Taxi', '2021-04-18', '77.00'),
(309, 'b25', '202105', 'Rémunération intervenant/spécialiste', '2021-05-11', '1155.00'),
(310, 'b25', '202105', 'Location véhicule', '2021-05-13', '106.00'),
(311, 'b25', '202106', 'Location équipement vidéo/sonore', '2021-06-11', '524.00'),
(312, 'b25', '202107', 'Location véhicule', '2021-07-03', '96.00'),
(313, 'b25', '202108', 'Location véhicule', '2021-08-23', '84.00'),
(314, 'b25', '202108', 'Repas avec praticien', '2021-08-04', '37.00'),
(315, 'b25', '202108', 'Frais vestimentaire/représentation', '2021-08-09', '169.00'),
(316, 'b25', '202108', 'Location équipement vidéo/sonore', '2021-08-26', '768.00'),
(317, 'b25', '202108', 'Location véhicule', '2021-08-27', '271.00'),
(318, 'b25', '202108', 'Taxi', '2021-08-11', '36.00'),
(319, 'b28', '202009', 'Repas avec praticien', '2020-09-14', '44.00'),
(320, 'b28', '202009', 'Location salle conférence', '2020-09-16', '462.00'),
(321, 'b28', '202009', 'Location équipement vidéo/sonore', '2020-09-19', '553.00'),
(322, 'b28', '202009', 'Location équipement vidéo/sonore', '2020-09-11', '492.00'),
(323, 'b28', '202009', 'Traiteur, alimentation, boisson', '2020-09-24', '353.00'),
(324, 'b28', '202010', 'Location équipement vidéo/sonore', '2020-10-20', '648.00'),
(325, 'b28', '202010', 'Repas avec praticien', '2020-10-14', '39.00'),
(326, 'b28', '202010', 'Location équipement vidéo/sonore', '2020-10-04', '729.00'),
(327, 'b28', '202010', 'Achat de matériel de papèterie', '2020-10-16', '16.00'),
(328, 'b28', '202011', 'Traiteur, alimentation, boisson', '2020-11-04', '39.00'),
(329, 'b28', '202011', 'Location salle conférence', '2020-11-09', '171.00'),
(330, 'b28', '202011', 'Location salle conférence', '2020-11-03', '368.00'),
(331, 'b28', '202011', 'Frais vestimentaire/représentation', '2020-11-01', '424.00'),
(332, 'b28', '202011', 'Location véhicule', '2020-11-14', '80.00'),
(333, 'b28', '202012', 'Traiteur, alimentation, boisson', '2020-12-03', '93.00'),
(334, 'b28', '202012', 'Achat de matériel de papèterie', '2020-12-25', '19.00'),
(335, 'b28', '202012', 'Frais vestimentaire/représentation', '2020-12-11', '425.00'),
(336, 'b28', '202012', 'Repas avec praticien', '2020-12-02', '42.00'),
(337, 'b28', '202101', 'Voyage SNCF', '2021-01-08', '81.00'),
(338, 'b28', '202101', 'Repas avec praticien', '2021-01-07', '41.00'),
(339, 'b28', '202102', 'Voyage SNCF', '2021-02-02', '59.00'),
(340, 'b28', '202102', 'Achat de matériel de papèterie', '2021-02-17', '39.00'),
(341, 'b28', '202102', 'Location salle conférence', '2021-02-19', '494.00'),
(342, 'b28', '202103', 'Location salle conférence', '2021-03-25', '643.00'),
(343, 'b28', '202103', 'Achat de matériel de papèterie', '2021-03-27', '49.00'),
(344, 'b28', '202103', 'Voyage SNCF', '2021-03-15', '130.00'),
(345, 'b28', '202103', 'Achat de matériel de papèterie', '2021-03-24', '34.00'),
(346, 'b28', '202103', 'Repas avec praticien', '2021-03-09', '39.00'),
(347, 'b28', '202104', 'Taxi', '2021-04-09', '34.00'),
(348, 'b28', '202104', 'Frais vestimentaire/représentation', '2021-04-15', '66.00'),
(349, 'b28', '202105', 'Voyage SNCF', '2021-05-13', '127.00'),
(350, 'b28', '202105', 'Traiteur, alimentation, boisson', '2021-05-23', '414.00'),
(351, 'b28', '202106', 'Achat de matériel de papèterie', '2021-06-07', '41.00'),
(352, 'b28', '202106', 'Achat de matériel de papèterie', '2021-06-04', '44.00'),
(353, 'b28', '202107', 'Achat de matériel de papèterie', '2021-07-26', '15.00'),
(354, 'b28', '202108', 'Location salle conférence', '2021-08-11', '412.00'),
(355, 'b34', '202009', 'Location véhicule', '2020-09-26', '154.00'),
(356, 'b34', '202010', 'Location équipement vidéo/sonore', '2020-10-04', '324.00'),
(357, 'b34', '202011', 'Achat de matériel de papèterie', '2020-11-04', '17.00'),
(358, 'b34', '202011', 'Traiteur, alimentation, boisson', '2020-11-27', '383.00'),
(359, 'b34', '202011', 'Voyage SNCF', '2020-11-27', '129.00'),
(360, 'b34', '202011', 'Location véhicule', '2020-11-03', '347.00'),
(361, 'b34', '202012', 'Voyage SNCF', '2020-12-17', '44.00'),
(362, 'b34', '202012', 'Location équipement vidéo/sonore', '2020-12-03', '253.00'),
(363, 'b34', '202012', 'Location véhicule', '2020-12-05', '328.00'),
(364, 'b34', '202012', 'Location salle conférence', '2020-12-11', '135.00'),
(365, 'b34', '202101', 'Location équipement vidéo/sonore', '2021-01-19', '128.00'),
(366, 'b34', '202101', 'Traiteur, alimentation, boisson', '2021-01-17', '444.00'),
(367, 'b34', '202101', 'Location équipement vidéo/sonore', '2021-01-28', '332.00'),
(368, 'b34', '202101', 'Location équipement vidéo/sonore', '2021-01-17', '365.00'),
(369, 'b34', '202102', 'Location véhicule', '2021-02-04', '163.00'),
(370, 'b34', '202102', 'Location salle conférence', '2021-02-26', '580.00'),
(371, 'b34', '202102', 'Location équipement vidéo/sonore', '2021-02-11', '508.00'),
(372, 'b34', '202102', 'Rémunération intervenant/spécialiste', '2021-02-27', '389.00'),
(373, 'b34', '202103', 'Traiteur, alimentation, boisson', '2021-03-05', '90.00'),
(374, 'b34', '202104', 'Traiteur, alimentation, boisson', '2021-04-20', '230.00'),
(375, 'b34', '202105', 'Location véhicule', '2021-05-13', '377.00'),
(376, 'b34', '202106', 'Location véhicule', '2021-06-23', '159.00'),
(377, 'b34', '202106', 'Repas avec praticien', '2021-06-11', '33.00'),
(378, 'b34', '202106', 'Voyage SNCF', '2021-06-26', '121.00'),
(379, 'b34', '202106', 'Location salle conférence', '2021-06-27', '256.00'),
(380, 'b34', '202106', 'Voyage SNCF', '2021-06-06', '85.00'),
(381, 'b34', '202107', 'Taxi', '2021-07-03', '77.00'),
(382, 'b34', '202107', 'Rémunération intervenant/spécialiste', '2021-07-12', '1128.00'),
(383, 'b34', '202107', 'Taxi', '2021-07-19', '56.00'),
(384, 'b34', '202108', 'Taxi', '2021-08-10', '64.00'),
(385, 'b34', '202108', 'Location salle conférence', '2021-08-28', '218.00'),
(386, 'b4', '202009', 'Location véhicule', '2020-09-01', '293.00'),
(387, 'b4', '202009', 'Voyage SNCF', '2020-09-16', '90.00'),
(388, 'b4', '202009', 'Rémunération intervenant/spécialiste', '2020-09-22', '1089.00'),
(389, 'b4', '202009', 'Achat de matériel de papèterie', '2020-09-23', '29.00'),
(390, 'b4', '202009', 'Repas avec praticien', '2020-09-01', '37.00'),
(391, 'b4', '202010', 'Frais vestimentaire/représentation', '2020-10-03', '140.00'),
(392, 'b4', '202010', 'Achat de matériel de papèterie', '2020-10-28', '34.00'),
(393, 'b4', '202010', 'Location équipement vidéo/sonore', '2020-10-10', '633.00'),
(394, 'b4', '202010', 'Achat de matériel de papèterie', '2020-10-02', '20.00'),
(395, 'b4', '202011', 'Location salle conférence', '2020-11-14', '597.00'),
(396, 'b4', '202012', 'Voyage SNCF', '2020-12-02', '96.00'),
(397, 'b4', '202101', 'Voyage SNCF', '2021-01-11', '33.00'),
(398, 'b4', '202101', 'Traiteur, alimentation, boisson', '2021-01-17', '140.00'),
(399, 'b4', '202101', 'Voyage SNCF', '2021-01-17', '46.00'),
(400, 'b4', '202101', 'Rémunération intervenant/spécialiste', '2021-01-06', '384.00'),
(401, 'b4', '202101', 'Location véhicule', '2021-01-01', '62.00'),
(402, 'b4', '202102', 'Location salle conférence', '2021-02-21', '190.00'),
(403, 'b4', '202102', 'Location salle conférence', '2021-02-12', '478.00'),
(404, 'b4', '202103', 'Taxi', '2021-03-05', '77.00'),
(405, 'b4', '202103', 'Taxi', '2021-03-23', '55.00'),
(406, 'b4', '202103', 'Rémunération intervenant/spécialiste', '2021-03-01', '859.00'),
(407, 'b4', '202103', 'Achat de matériel de papèterie', '2021-03-14', '26.00'),
(408, 'b4', '202104', 'Repas avec praticien', '2021-04-02', '44.00'),
(409, 'b4', '202104', 'Frais vestimentaire/représentation', '2021-04-11', '315.00'),
(410, 'b4', '202104', 'Location équipement vidéo/sonore', '2021-04-19', '301.00'),
(411, 'b4', '202104', 'Rémunération intervenant/spécialiste', '2021-04-20', '338.00'),
(412, 'b4', '202104', 'Taxi', '2021-04-06', '35.00'),
(413, 'b4', '202104', 'Traiteur, alimentation, boisson', '2021-04-17', '111.00'),
(414, 'b4', '202105', 'Location salle conférence', '2021-05-03', '234.00'),
(415, 'b4', '202105', 'Traiteur, alimentation, boisson', '2021-05-11', '33.00'),
(416, 'b4', '202105', 'Traiteur, alimentation, boisson', '2021-05-22', '260.00'),
(417, 'b4', '202105', 'Location véhicule', '2021-05-12', '411.00'),
(418, 'b4', '202105', 'Traiteur, alimentation, boisson', '2021-05-25', '432.00'),
(419, 'b4', '202105', 'Location équipement vidéo/sonore', '2021-05-21', '463.00'),
(420, 'b4', '202106', 'Achat de matériel de papèterie', '2021-06-09', '29.00'),
(421, 'b4', '202107', 'Taxi', '2021-07-11', '24.00'),
(422, 'b4', '202107', 'Achat de matériel de papèterie', '2021-07-02', '19.00'),
(423, 'b4', '202107', 'Repas avec praticien', '2021-07-14', '44.00'),
(424, 'b4', '202107', 'Rémunération intervenant/spécialiste', '2021-07-25', '339.00'),
(425, 'b4', '202107', 'Frais vestimentaire/représentation', '2021-07-21', '373.00'),
(426, 'b4', '202108', 'Taxi', '2021-08-17', '45.00'),
(427, 'b4', '202108', 'Taxi', '2021-08-22', '59.00'),
(428, 'b4', '202108', 'Location équipement vidéo/sonore', '2021-08-20', '655.00'),
(429, 'b50', '202009', 'Repas avec praticien', '2020-09-07', '44.00'),
(430, 'b50', '202010', 'Rémunération intervenant/spécialiste', '2020-10-03', '1185.00'),
(431, 'b50', '202010', 'Frais vestimentaire/représentation', '2020-10-22', '334.00'),
(432, 'b50', '202010', 'Location salle conférence', '2020-10-03', '296.00'),
(433, 'b50', '202011', 'Location équipement vidéo/sonore', '2020-11-05', '563.00'),
(434, 'b50', '202011', 'Location véhicule', '2020-11-23', '449.00'),
(435, 'b50', '202011', 'Location équipement vidéo/sonore', '2020-11-22', '816.00'),
(436, 'b50', '202012', 'Frais vestimentaire/représentation', '2020-12-04', '56.00'),
(437, 'b50', '202012', 'Voyage SNCF', '2020-12-17', '58.00'),
(438, 'b50', '202012', 'Location salle conférence', '2020-12-06', '455.00'),
(439, 'b50', '202012', 'Location salle conférence', '2020-12-22', '313.00'),
(440, 'b50', '202012', 'Rémunération intervenant/spécialiste', '2020-12-09', '1122.00'),
(441, 'b50', '202012', 'Rémunération intervenant/spécialiste', '2020-12-10', '1041.00'),
(442, 'b50', '202101', 'Location équipement vidéo/sonore', '2021-01-16', '272.00'),
(443, 'b50', '202101', 'Repas avec praticien', '2021-01-09', '50.00'),
(444, 'b50', '202101', 'Location véhicule', '2021-01-18', '258.00'),
(445, 'b50', '202101', 'Achat de matériel de papèterie', '2021-01-24', '36.00'),
(446, 'b50', '202101', 'Frais vestimentaire/représentation', '2021-01-04', '390.00'),
(447, 'b50', '202101', 'Location salle conférence', '2021-01-23', '249.00'),
(448, 'b50', '202102', 'Repas avec praticien', '2021-02-28', '41.00'),
(449, 'b50', '202103', 'Location équipement vidéo/sonore', '2021-03-17', '321.00'),
(450, 'b50', '202103', 'Voyage SNCF', '2021-03-25', '46.00'),
(451, 'b50', '202103', 'Frais vestimentaire/représentation', '2021-03-09', '94.00'),
(452, 'b50', '202103', 'Rémunération intervenant/spécialiste', '2021-03-21', '517.00'),
(453, 'b50', '202103', 'Location véhicule', '2021-03-03', '418.00'),
(454, 'b50', '202103', 'Achat de matériel de papèterie', '2021-03-24', '24.00'),
(455, 'b50', '202104', 'Location véhicule', '2021-04-22', '32.00'),
(456, 'b50', '202104', 'Location véhicule', '2021-04-18', '141.00'),
(457, 'b50', '202104', 'Voyage SNCF', '2021-04-23', '113.00'),
(458, 'b50', '202104', 'Location salle conférence', '2021-04-19', '531.00'),
(459, 'b50', '202104', 'Location véhicule', '2021-04-23', '430.00'),
(460, 'b50', '202105', 'Location équipement vidéo/sonore', '2021-05-06', '466.00'),
(461, 'b50', '202106', 'Taxi', '2021-06-23', '60.00'),
(462, 'b50', '202106', 'Taxi', '2021-06-25', '69.00'),
(463, 'b50', '202106', 'Location salle conférence', '2021-06-03', '315.00'),
(464, 'b50', '202106', 'Location équipement vidéo/sonore', '2021-06-04', '470.00'),
(465, 'b50', '202107', 'Repas avec praticien', '2021-07-16', '40.00'),
(466, 'b50', '202107', 'Location équipement vidéo/sonore', '2021-07-02', '563.00'),
(467, 'b50', '202108', 'Repas avec praticien', '2021-08-26', '43.00'),
(468, 'b50', '202108', 'Traiteur, alimentation, boisson', '2021-08-12', '391.00'),
(469, 'b50', '202108', 'Repas avec praticien', '2021-08-15', '40.00'),
(470, 'b59', '202009', 'Location véhicule', '2020-09-27', '144.00'),
(471, 'b59', '202009', 'Location véhicule', '2020-09-01', '286.00'),
(472, 'b59', '202009', 'Rémunération intervenant/spécialiste', '2020-09-06', '406.00'),
(473, 'b59', '202009', 'Location véhicule', '2020-09-12', '296.00'),
(474, 'b59', '202009', 'Frais vestimentaire/représentation', '2020-09-16', '421.00'),
(475, 'b59', '202010', 'Rémunération intervenant/spécialiste', '2020-10-10', '387.00'),
(476, 'b59', '202011', 'Frais vestimentaire/représentation', '2020-11-04', '55.00'),
(477, 'b59', '202011', 'Traiteur, alimentation, boisson', '2020-11-02', '249.00'),
(478, 'b59', '202011', 'Traiteur, alimentation, boisson', '2020-11-17', '83.00'),
(479, 'b59', '202011', 'Repas avec praticien', '2020-11-07', '31.00'),
(480, 'b59', '202011', 'Frais vestimentaire/représentation', '2020-11-13', '441.00'),
(481, 'b59', '202012', 'Traiteur, alimentation, boisson', '2020-12-04', '275.00'),
(482, 'b59', '202012', 'Location véhicule', '2020-12-28', '433.00'),
(483, 'b59', '202012', 'Repas avec praticien', '2020-12-13', '30.00'),
(484, 'b59', '202012', 'Rémunération intervenant/spécialiste', '2020-12-12', '1140.00'),
(485, 'b59', '202012', 'Repas avec praticien', '2020-12-03', '47.00'),
(486, 'b59', '202101', 'Repas avec praticien', '2021-01-16', '45.00'),
(487, 'b59', '202101', 'Taxi', '2021-01-18', '75.00'),
(488, 'b59', '202102', 'Taxi', '2021-02-23', '29.00'),
(489, 'b59', '202102', 'Voyage SNCF', '2021-02-13', '142.00'),
(490, 'b59', '202102', 'Frais vestimentaire/représentation', '2021-02-14', '44.00'),
(491, 'b59', '202103', 'Voyage SNCF', '2021-03-05', '44.00'),
(492, 'b59', '202103', 'Achat de matériel de papèterie', '2021-03-07', '31.00'),
(493, 'b59', '202103', 'Rémunération intervenant/spécialiste', '2021-03-18', '797.00'),
(494, 'b59', '202104', 'Taxi', '2021-04-27', '75.00'),
(495, 'b59', '202104', 'Frais vestimentaire/représentation', '2021-04-03', '116.00'),
(496, 'b59', '202105', 'Traiteur, alimentation, boisson', '2021-05-19', '111.00'),
(497, 'b59', '202105', 'Voyage SNCF', '2021-05-06', '79.00'),
(498, 'b59', '202105', 'Location véhicule', '2021-05-27', '431.00'),
(499, 'b59', '202106', 'Voyage SNCF', '2021-06-06', '95.00'),
(500, 'b59', '202106', 'Voyage SNCF', '2021-06-19', '72.00'),
(501, 'b59', '202107', 'Repas avec praticien', '2021-07-14', '38.00'),
(502, 'b59', '202107', 'Traiteur, alimentation, boisson', '2021-07-17', '198.00'),
(503, 'b59', '202107', 'Achat de matériel de papèterie', '2021-07-04', '22.00'),
(504, 'b59', '202107', 'Taxi', '2021-07-21', '77.00'),
(505, 'b59', '202107', 'Frais vestimentaire/représentation', '2021-07-04', '158.00'),
(506, 'b59', '202108', 'Frais vestimentaire/représentation', '2021-08-02', '173.00'),
(507, 'b59', '202108', 'Repas avec praticien', '2021-08-19', '48.00'),
(508, 'b59', '202108', 'Taxi', '2021-08-25', '74.00'),
(509, 'b59', '202108', 'Taxi', '2021-08-21', '65.00'),
(510, 'b59', '202108', 'Voyage SNCF', '2021-08-02', '106.00'),
(511, 'b59', '202108', 'Taxi', '2021-08-15', '41.00'),
(512, 'c14', '202009', 'Voyage SNCF', '2020-09-05', '131.00'),
(513, 'c14', '202009', 'Achat de matériel de papèterie', '2020-09-10', '12.00'),
(514, 'c14', '202010', 'Voyage SNCF', '2020-10-21', '46.00'),
(515, 'c14', '202010', 'Achat de matériel de papèterie', '2020-10-16', '34.00'),
(516, 'c14', '202010', 'Voyage SNCF', '2020-10-28', '37.00'),
(517, 'c14', '202010', 'Location équipement vidéo/sonore', '2020-10-07', '483.00'),
(518, 'c14', '202010', 'Achat de matériel de papèterie', '2020-10-22', '21.00'),
(519, 'c14', '202011', 'Repas avec praticien', '2020-11-23', '34.00'),
(520, 'c14', '202011', 'Location équipement vidéo/sonore', '2020-11-17', '163.00'),
(521, 'c14', '202011', 'Rémunération intervenant/spécialiste', '2020-11-20', '280.00'),
(522, 'c14', '202011', 'Achat de matériel de papèterie', '2020-11-16', '40.00'),
(523, 'c14', '202011', 'Achat de matériel de papèterie', '2020-11-16', '18.00'),
(524, 'c14', '202011', 'Voyage SNCF', '2020-11-14', '127.00'),
(525, 'c14', '202012', 'Repas avec praticien', '2020-12-22', '36.00'),
(526, 'c14', '202012', 'Rémunération intervenant/spécialiste', '2020-12-26', '1116.00'),
(527, 'c14', '202012', 'Location équipement vidéo/sonore', '2020-12-11', '674.00'),
(528, 'c14', '202012', 'Location salle conférence', '2020-12-20', '449.00'),
(529, 'c14', '202101', 'Rémunération intervenant/spécialiste', '2021-01-24', '927.00'),
(530, 'c14', '202101', 'Voyage SNCF', '2021-01-22', '44.00'),
(531, 'c14', '202101', 'Achat de matériel de papèterie', '2021-01-23', '18.00'),
(532, 'c14', '202102', 'Location équipement vidéo/sonore', '2021-02-07', '695.00'),
(533, 'c14', '202102', 'Repas avec praticien', '2021-02-09', '32.00'),
(534, 'c14', '202102', 'Taxi', '2021-02-04', '61.00'),
(535, 'c14', '202102', 'Location véhicule', '2021-02-26', '336.00'),
(536, 'c14', '202103', 'Voyage SNCF', '2021-03-11', '72.00'),
(537, 'c14', '202103', 'Repas avec praticien', '2021-03-11', '34.00'),
(538, 'c14', '202104', 'Location équipement vidéo/sonore', '2021-04-08', '225.00'),
(539, 'c14', '202104', 'Location véhicule', '2021-04-20', '444.00'),
(540, 'c14', '202104', 'Rémunération intervenant/spécialiste', '2021-04-09', '288.00'),
(541, 'c14', '202104', 'Rémunération intervenant/spécialiste', '2021-04-05', '314.00'),
(542, 'c14', '202104', 'Taxi', '2021-04-23', '40.00'),
(543, 'c14', '202104', 'Rémunération intervenant/spécialiste', '2021-04-16', '513.00'),
(544, 'c14', '202105', 'Location véhicule', '2021-05-14', '255.00'),
(545, 'c14', '202105', 'Traiteur, alimentation, boisson', '2021-05-25', '51.00'),
(546, 'c14', '202106', 'Frais vestimentaire/représentation', '2021-06-08', '35.00'),
(547, 'c14', '202107', 'Achat de matériel de papèterie', '2021-07-07', '15.00'),
(548, 'c14', '202107', 'Voyage SNCF', '2021-07-03', '90.00'),
(549, 'c14', '202108', 'Traiteur, alimentation, boisson', '2021-08-08', '252.00'),
(550, 'c3', '202009', 'Location salle conférence', '2020-09-14', '503.00'),
(551, 'c3', '202009', 'Achat de matériel de papèterie', '2020-09-20', '50.00'),
(552, 'c3', '202010', 'Location équipement vidéo/sonore', '2020-10-13', '555.00'),
(553, 'c3', '202010', 'Location salle conférence', '2020-10-27', '475.00'),
(554, 'c3', '202010', 'Location salle conférence', '2020-10-04', '446.00'),
(555, 'c3', '202010', 'Traiteur, alimentation, boisson', '2020-10-21', '31.00'),
(556, 'c3', '202010', 'Taxi', '2020-10-07', '68.00'),
(557, 'c3', '202010', 'Location équipement vidéo/sonore', '2020-10-26', '809.00'),
(558, 'c3', '202011', 'Traiteur, alimentation, boisson', '2020-11-22', '300.00'),
(559, 'c3', '202012', 'Voyage SNCF', '2020-12-07', '101.00'),
(560, 'c3', '202101', 'Taxi', '2021-01-14', '73.00'),
(561, 'c3', '202101', 'Achat de matériel de papèterie', '2021-01-02', '19.00'),
(562, 'c3', '202102', 'Repas avec praticien', '2021-02-18', '30.00'),
(563, 'c3', '202103', 'Traiteur, alimentation, boisson', '2021-03-06', '271.00'),
(564, 'c3', '202103', 'Frais vestimentaire/représentation', '2021-03-12', '84.00'),
(565, 'c3', '202103', 'Rémunération intervenant/spécialiste', '2021-03-16', '704.00'),
(566, 'c3', '202104', 'Repas avec praticien', '2021-04-01', '49.00'),
(567, 'c3', '202104', 'Location salle conférence', '2021-04-05', '414.00'),
(568, 'c3', '202104', 'Repas avec praticien', '2021-04-23', '30.00'),
(569, 'c3', '202105', 'Location salle conférence', '2021-05-26', '641.00'),
(570, 'c3', '202106', 'Traiteur, alimentation, boisson', '2021-06-12', '173.00'),
(571, 'c3', '202106', 'Achat de matériel de papèterie', '2021-06-12', '24.00'),
(572, 'c3', '202107', 'Location véhicule', '2021-07-08', '354.00'),
(573, 'c3', '202107', 'Traiteur, alimentation, boisson', '2021-07-12', '126.00'),
(574, 'c3', '202108', 'Repas avec praticien', '2021-08-08', '49.00'),
(575, 'c3', '202108', 'Repas avec praticien', '2021-08-10', '46.00'),
(576, 'c3', '202108', 'Location équipement vidéo/sonore', '2021-08-01', '385.00'),
(577, 'c3', '202108', 'Location équipement vidéo/sonore', '2021-08-07', '451.00'),
(578, 'c54', '202009', 'Location véhicule', '2020-09-08', '381.00'),
(579, 'c54', '202010', 'Location véhicule', '2020-10-27', '170.00'),
(580, 'c54', '202010', 'Frais vestimentaire/représentation', '2020-10-02', '48.00'),
(581, 'c54', '202010', 'Location véhicule', '2020-10-05', '91.00'),
(582, 'c54', '202011', 'Taxi', '2020-11-18', '64.00'),
(583, 'c54', '202011', 'Location équipement vidéo/sonore', '2020-11-10', '722.00'),
(584, 'c54', '202011', 'Traiteur, alimentation, boisson', '2020-11-24', '296.00'),
(585, 'c54', '202011', 'Rémunération intervenant/spécialiste', '2020-11-01', '665.00'),
(586, 'c54', '202012', 'Traiteur, alimentation, boisson', '2020-12-26', '364.00'),
(587, 'c54', '202012', 'Location véhicule', '2020-12-08', '217.00'),
(588, 'c54', '202012', 'Location équipement vidéo/sonore', '2020-12-05', '111.00'),
(589, 'c54', '202012', 'Rémunération intervenant/spécialiste', '2020-12-07', '586.00'),
(590, 'c54', '202012', 'Location véhicule', '2020-12-02', '416.00'),
(591, 'c54', '202101', 'Location salle conférence', '2021-01-20', '311.00'),
(592, 'c54', '202101', 'Traiteur, alimentation, boisson', '2021-01-17', '215.00'),
(593, 'c54', '202101', 'Traiteur, alimentation, boisson', '2021-01-07', '245.00'),
(594, 'c54', '202102', 'Location salle conférence', '2021-02-21', '476.00'),
(595, 'c54', '202102', 'Location équipement vidéo/sonore', '2021-02-26', '593.00'),
(596, 'c54', '202102', 'Location équipement vidéo/sonore', '2021-02-25', '512.00'),
(597, 'c54', '202102', 'Location équipement vidéo/sonore', '2021-02-21', '593.00'),
(598, 'c54', '202102', 'Taxi', '2021-02-18', '28.00'),
(599, 'c54', '202103', 'Traiteur, alimentation, boisson', '2021-03-25', '431.00'),
(600, 'c54', '202104', 'Location équipement vidéo/sonore', '2021-04-06', '677.00'),
(601, 'c54', '202104', 'Location équipement vidéo/sonore', '2021-04-15', '473.00'),
(602, 'c54', '202105', 'Voyage SNCF', '2021-05-14', '80.00'),
(603, 'c54', '202105', 'Traiteur, alimentation, boisson', '2021-05-18', '204.00'),
(604, 'c54', '202105', 'Frais vestimentaire/représentation', '2021-05-22', '334.00'),
(605, 'c54', '202105', 'Taxi', '2021-05-02', '31.00'),
(606, 'c54', '202106', 'Location équipement vidéo/sonore', '2021-06-01', '623.00'),
(607, 'c54', '202106', 'Achat de matériel de papèterie', '2021-06-28', '25.00'),
(608, 'c54', '202106', 'Location véhicule', '2021-06-23', '39.00'),
(609, 'c54', '202106', 'Location véhicule', '2021-06-09', '187.00'),
(610, 'c54', '202106', 'Repas avec praticien', '2021-06-26', '30.00'),
(611, 'c54', '202106', 'Location équipement vidéo/sonore', '2021-06-16', '155.00'),
(612, 'c54', '202107', 'Taxi', '2021-07-23', '79.00'),
(613, 'c54', '202107', 'Taxi', '2021-07-09', '72.00'),
(614, 'c54', '202108', 'Location salle conférence', '2021-08-11', '294.00'),
(615, 'd13', '202009', 'Rémunération intervenant/spécialiste', '2020-09-13', '377.00'),
(616, 'd13', '202010', 'Location salle conférence', '2020-10-21', '398.00'),
(617, 'd13', '202011', 'Voyage SNCF', '2020-11-12', '107.00'),
(618, 'd13', '202011', 'Location équipement vidéo/sonore', '2020-11-11', '753.00'),
(619, 'd13', '202011', 'Traiteur, alimentation, boisson', '2020-11-28', '69.00'),
(620, 'd13', '202012', 'Achat de matériel de papèterie', '2020-12-27', '40.00'),
(621, 'd13', '202012', 'Rémunération intervenant/spécialiste', '2020-12-18', '731.00'),
(622, 'd13', '202012', 'Taxi', '2020-12-03', '51.00'),
(623, 'd13', '202012', 'Frais vestimentaire/représentation', '2020-12-17', '433.00'),
(624, 'd13', '202101', 'Achat de matériel de papèterie', '2021-01-03', '44.00'),
(625, 'd13', '202101', 'Traiteur, alimentation, boisson', '2021-01-16', '242.00'),
(626, 'd13', '202102', 'Repas avec praticien', '2021-02-23', '44.00'),
(627, 'd13', '202102', 'Voyage SNCF', '2021-02-04', '113.00'),
(628, 'd13', '202102', 'Frais vestimentaire/représentation', '2021-02-16', '116.00'),
(629, 'd13', '202102', 'Repas avec praticien', '2021-02-17', '32.00'),
(630, 'd13', '202102', 'Frais vestimentaire/représentation', '2021-02-05', '74.00'),
(631, 'd13', '202103', 'Frais vestimentaire/représentation', '2021-03-14', '423.00'),
(632, 'd13', '202103', 'Achat de matériel de papèterie', '2021-03-25', '14.00'),
(633, 'd13', '202103', 'Location véhicule', '2021-03-23', '184.00'),
(634, 'd13', '202104', 'Frais vestimentaire/représentation', '2021-04-25', '267.00'),
(635, 'd13', '202105', 'Repas avec praticien', '2021-05-23', '50.00'),
(636, 'd13', '202105', 'Repas avec praticien', '2021-05-20', '41.00'),
(637, 'd13', '202105', 'Frais vestimentaire/représentation', '2021-05-25', '445.00'),
(638, 'd13', '202106', 'Location véhicule', '2021-06-16', '174.00'),
(639, 'd13', '202106', 'Rémunération intervenant/spécialiste', '2021-06-27', '753.00'),
(640, 'd13', '202106', 'Taxi', '2021-06-20', '54.00'),
(641, 'd13', '202106', 'Location salle conférence', '2021-06-17', '139.00'),
(642, 'd13', '202107', 'Rémunération intervenant/spécialiste', '2021-07-19', '1025.00'),
(643, 'd13', '202107', 'Traiteur, alimentation, boisson', '2021-07-22', '243.00'),
(644, 'd13', '202107', 'Repas avec praticien', '2021-07-01', '38.00'),
(645, 'd13', '202107', 'Location équipement vidéo/sonore', '2021-07-14', '275.00'),
(646, 'd13', '202107', 'Achat de matériel de papèterie', '2021-07-25', '18.00'),
(647, 'd13', '202108', 'Repas avec praticien', '2021-08-07', '47.00'),
(648, 'd13', '202108', 'Achat de matériel de papèterie', '2021-08-26', '11.00'),
(649, 'd13', '202108', 'Frais vestimentaire/représentation', '2021-08-03', '303.00'),
(650, 'd13', '202108', 'Traiteur, alimentation, boisson', '2021-08-21', '107.00'),
(651, 'd13', '202108', 'Taxi', '2021-08-06', '67.00'),
(652, 'd51', '202009', 'Voyage SNCF', '2020-09-12', '88.00'),
(653, 'd51', '202009', 'Location véhicule', '2020-09-14', '387.00'),
(654, 'd51', '202009', 'Rémunération intervenant/spécialiste', '2020-09-11', '854.00'),
(655, 'd51', '202009', 'Location véhicule', '2020-09-14', '207.00'),
(656, 'd51', '202010', 'Location véhicule', '2020-10-10', '402.00'),
(657, 'd51', '202010', 'Location véhicule', '2020-10-06', '95.00'),
(658, 'd51', '202010', 'Frais vestimentaire/représentation', '2020-10-02', '82.00'),
(659, 'd51', '202010', 'Location équipement vidéo/sonore', '2020-10-10', '435.00'),
(660, 'd51', '202010', 'Repas avec praticien', '2020-10-15', '46.00'),
(661, 'd51', '202010', 'Achat de matériel de papèterie', '2020-10-12', '44.00'),
(662, 'd51', '202011', 'Traiteur, alimentation, boisson', '2020-11-23', '208.00'),
(663, 'd51', '202011', 'Frais vestimentaire/représentation', '2020-11-13', '402.00'),
(664, 'd51', '202011', 'Voyage SNCF', '2020-11-13', '119.00'),
(665, 'd51', '202011', 'Location véhicule', '2020-11-07', '352.00'),
(666, 'd51', '202011', 'Location véhicule', '2020-11-28', '86.00'),
(667, 'd51', '202011', 'Location véhicule', '2020-11-24', '221.00'),
(668, 'd51', '202012', 'Achat de matériel de papèterie', '2020-12-08', '34.00'),
(669, 'd51', '202012', 'Voyage SNCF', '2020-12-23', '77.00'),
(670, 'd51', '202012', 'Location véhicule', '2020-12-02', '315.00'),
(671, 'd51', '202012', 'Traiteur, alimentation, boisson', '2020-12-26', '229.00'),
(672, 'd51', '202012', 'Achat de matériel de papèterie', '2020-12-20', '23.00'),
(673, 'd51', '202012', 'Location équipement vidéo/sonore', '2020-12-05', '167.00'),
(674, 'd51', '202101', 'Voyage SNCF', '2021-01-06', '142.00'),
(675, 'd51', '202101', 'Achat de matériel de papèterie', '2021-01-04', '33.00'),
(676, 'd51', '202101', 'Location véhicule', '2021-01-04', '61.00'),
(677, 'd51', '202102', 'Location véhicule', '2021-02-08', '69.00'),
(678, 'd51', '202102', 'Rémunération intervenant/spécialiste', '2021-02-19', '260.00'),
(679, 'd51', '202103', 'Repas avec praticien', '2021-03-12', '48.00'),
(680, 'd51', '202104', 'Voyage SNCF', '2021-04-07', '129.00'),
(681, 'd51', '202104', 'Traiteur, alimentation, boisson', '2021-04-23', '90.00');
INSERT INTO `lignefraishorsforfait` (`id`, `idvisiteur`, `mois`, `libelle`, `date`, `montant`) VALUES
(682, 'd51', '202104', 'Location véhicule', '2021-04-19', '64.00'),
(683, 'd51', '202104', 'Taxi', '2021-04-27', '70.00'),
(684, 'd51', '202104', 'Rémunération intervenant/spécialiste', '2021-04-07', '1110.00'),
(685, 'd51', '202104', 'Achat de matériel de papèterie', '2021-04-10', '38.00'),
(686, 'd51', '202105', 'Rémunération intervenant/spécialiste', '2021-05-20', '639.00'),
(687, 'd51', '202105', 'Frais vestimentaire/représentation', '2021-05-20', '398.00'),
(688, 'd51', '202105', 'Repas avec praticien', '2021-05-14', '46.00'),
(689, 'd51', '202105', 'Location équipement vidéo/sonore', '2021-05-22', '662.00'),
(690, 'd51', '202105', 'Taxi', '2021-05-09', '78.00'),
(691, 'd51', '202106', 'Taxi', '2021-06-22', '24.00'),
(692, 'd51', '202106', 'Rémunération intervenant/spécialiste', '2021-06-06', '1001.00'),
(693, 'd51', '202106', 'Traiteur, alimentation, boisson', '2021-06-11', '299.00'),
(694, 'd51', '202107', 'Location salle conférence', '2021-07-02', '347.00'),
(695, 'd51', '202107', 'Location équipement vidéo/sonore', '2021-07-04', '461.00'),
(696, 'd51', '202108', 'Location véhicule', '2021-08-24', '173.00'),
(697, 'd51', '202108', 'Traiteur, alimentation, boisson', '2021-08-26', '31.00'),
(698, 'd51', '202108', 'Repas avec praticien', '2021-08-22', '36.00'),
(699, 'd51', '202108', 'Traiteur, alimentation, boisson', '2021-08-20', '166.00'),
(700, 'e22', '202009', 'Location salle conférence', '2020-09-26', '221.00'),
(701, 'e22', '202009', 'Voyage SNCF', '2020-09-24', '114.00'),
(702, 'e22', '202009', 'Rémunération intervenant/spécialiste', '2020-09-04', '1130.00'),
(703, 'e22', '202009', 'Voyage SNCF', '2020-09-06', '38.00'),
(704, 'e22', '202010', 'Traiteur, alimentation, boisson', '2020-10-11', '199.00'),
(705, 'e22', '202010', 'Location salle conférence', '2020-10-21', '474.00'),
(706, 'e22', '202010', 'Location véhicule', '2020-10-27', '248.00'),
(707, 'e22', '202010', 'Location salle conférence', '2020-10-17', '320.00'),
(708, 'e22', '202010', 'Location équipement vidéo/sonore', '2020-10-02', '769.00'),
(709, 'e22', '202011', 'Repas avec praticien', '2020-11-22', '50.00'),
(710, 'e22', '202011', 'Location salle conférence', '2020-11-28', '480.00'),
(711, 'e22', '202011', 'Traiteur, alimentation, boisson', '2020-11-25', '130.00'),
(712, 'e22', '202011', 'Location équipement vidéo/sonore', '2020-11-26', '686.00'),
(713, 'e22', '202012', 'Taxi', '2020-12-06', '73.00'),
(714, 'e22', '202012', 'Frais vestimentaire/représentation', '2020-12-18', '291.00'),
(715, 'e22', '202101', 'Location équipement vidéo/sonore', '2021-01-12', '744.00'),
(716, 'e22', '202101', 'Location salle conférence', '2021-01-08', '239.00'),
(717, 'e22', '202101', 'Location salle conférence', '2021-01-24', '381.00'),
(718, 'e22', '202101', 'Achat de matériel de papèterie', '2021-01-06', '11.00'),
(719, 'e22', '202101', 'Traiteur, alimentation, boisson', '2021-01-17', '341.00'),
(720, 'e22', '202102', 'Frais vestimentaire/représentation', '2021-02-07', '168.00'),
(721, 'e22', '202102', 'Taxi', '2021-02-24', '69.00'),
(722, 'e22', '202102', 'Location équipement vidéo/sonore', '2021-02-03', '401.00'),
(723, 'e22', '202102', 'Achat de matériel de papèterie', '2021-02-15', '21.00'),
(724, 'e22', '202103', 'Voyage SNCF', '2021-03-22', '67.00'),
(725, 'e22', '202103', 'Location équipement vidéo/sonore', '2021-03-12', '446.00'),
(726, 'e22', '202103', 'Taxi', '2021-03-08', '64.00'),
(727, 'e22', '202103', 'Achat de matériel de papèterie', '2021-03-03', '46.00'),
(728, 'e22', '202104', 'Rémunération intervenant/spécialiste', '2021-04-16', '851.00'),
(729, 'e22', '202104', 'Location véhicule', '2021-04-19', '123.00'),
(730, 'e22', '202105', 'Location équipement vidéo/sonore', '2021-05-23', '252.00'),
(731, 'e22', '202105', 'Traiteur, alimentation, boisson', '2021-05-03', '229.00'),
(732, 'e22', '202105', 'Location véhicule', '2021-05-23', '231.00'),
(733, 'e22', '202106', 'Frais vestimentaire/représentation', '2021-06-14', '56.00'),
(734, 'e22', '202106', 'Taxi', '2021-06-01', '78.00'),
(735, 'e22', '202106', 'Repas avec praticien', '2021-06-02', '36.00'),
(736, 'e22', '202106', 'Location équipement vidéo/sonore', '2021-06-24', '154.00'),
(737, 'e22', '202106', 'Location véhicule', '2021-06-19', '348.00'),
(738, 'e22', '202106', 'Rémunération intervenant/spécialiste', '2021-06-10', '855.00'),
(739, 'e22', '202107', 'Location équipement vidéo/sonore', '2021-07-22', '651.00'),
(740, 'e22', '202107', 'Rémunération intervenant/spécialiste', '2021-07-08', '1068.00'),
(741, 'e22', '202107', 'Achat de matériel de papèterie', '2021-07-01', '20.00'),
(742, 'e22', '202107', 'Traiteur, alimentation, boisson', '2021-07-01', '75.00'),
(743, 'e22', '202107', 'Location salle conférence', '2021-07-20', '537.00'),
(744, 'e22', '202107', 'Repas avec praticien', '2021-07-09', '46.00'),
(745, 'e22', '202108', 'Rémunération intervenant/spécialiste', '2021-08-15', '875.00'),
(746, 'e22', '202108', 'Voyage SNCF', '2021-08-11', '43.00'),
(747, 'e24', '202009', 'Location équipement vidéo/sonore', '2020-09-12', '153.00'),
(748, 'e24', '202009', 'Voyage SNCF', '2020-09-05', '83.00'),
(749, 'e24', '202010', 'Taxi', '2020-10-26', '80.00'),
(750, 'e24', '202011', 'Rémunération intervenant/spécialiste', '2020-11-07', '453.00'),
(751, 'e24', '202011', 'Achat de matériel de papèterie', '2020-11-09', '23.00'),
(752, 'e24', '202011', 'Taxi', '2020-11-24', '76.00'),
(753, 'e24', '202011', 'Location véhicule', '2020-11-16', '110.00'),
(754, 'e24', '202011', 'Repas avec praticien', '2020-11-26', '30.00'),
(755, 'e24', '202012', 'Achat de matériel de papèterie', '2020-12-19', '42.00'),
(756, 'e24', '202012', 'Taxi', '2020-12-20', '59.00'),
(757, 'e24', '202012', 'Rémunération intervenant/spécialiste', '2020-12-24', '599.00'),
(758, 'e24', '202012', 'Location véhicule', '2020-12-27', '66.00'),
(759, 'e24', '202012', 'Frais vestimentaire/représentation', '2020-12-08', '187.00'),
(760, 'e24', '202012', 'Frais vestimentaire/représentation', '2020-12-12', '420.00'),
(761, 'e24', '202101', 'Traiteur, alimentation, boisson', '2021-01-18', '130.00'),
(762, 'e24', '202101', 'Traiteur, alimentation, boisson', '2021-01-25', '40.00'),
(763, 'e24', '202101', 'Frais vestimentaire/représentation', '2021-01-10', '306.00'),
(764, 'e24', '202101', 'Repas avec praticien', '2021-01-11', '50.00'),
(765, 'e24', '202102', 'Rémunération intervenant/spécialiste', '2021-02-18', '383.00'),
(766, 'e24', '202102', 'Location véhicule', '2021-02-14', '425.00'),
(767, 'e24', '202102', 'Repas avec praticien', '2021-02-18', '30.00'),
(768, 'e24', '202102', 'Repas avec praticien', '2021-02-24', '43.00'),
(769, 'e24', '202103', 'Location salle conférence', '2021-03-11', '428.00'),
(770, 'e24', '202104', 'Rémunération intervenant/spécialiste', '2021-04-08', '623.00'),
(771, 'e24', '202104', 'Location équipement vidéo/sonore', '2021-04-16', '734.00'),
(772, 'e24', '202104', 'Traiteur, alimentation, boisson', '2021-04-22', '183.00'),
(773, 'e24', '202104', 'Location équipement vidéo/sonore', '2021-04-27', '462.00'),
(774, 'e24', '202104', 'Achat de matériel de papèterie', '2021-04-22', '29.00'),
(775, 'e24', '202105', 'Taxi', '2021-05-11', '53.00'),
(776, 'e24', '202105', 'Repas avec praticien', '2021-05-17', '31.00'),
(777, 'e24', '202105', 'Location véhicule', '2021-05-24', '285.00'),
(778, 'e24', '202105', 'Rémunération intervenant/spécialiste', '2021-05-18', '642.00'),
(779, 'e24', '202106', 'Repas avec praticien', '2021-06-10', '30.00'),
(780, 'e24', '202106', 'Voyage SNCF', '2021-06-27', '102.00'),
(781, 'e24', '202106', 'Traiteur, alimentation, boisson', '2021-06-20', '178.00'),
(782, 'e24', '202106', 'Frais vestimentaire/représentation', '2021-06-14', '65.00'),
(783, 'e24', '202106', 'Location véhicule', '2021-06-05', '251.00'),
(784, 'e24', '202107', 'Location véhicule', '2021-07-05', '263.00'),
(785, 'e24', '202108', 'Location équipement vidéo/sonore', '2021-08-13', '471.00'),
(786, 'e24', '202108', 'Location équipement vidéo/sonore', '2021-08-16', '316.00'),
(787, 'e39', '202009', 'Rémunération intervenant/spécialiste', '2020-09-28', '527.00'),
(788, 'e39', '202009', 'Voyage SNCF', '2020-09-08', '50.00'),
(789, 'e39', '202009', 'Voyage SNCF', '2020-09-05', '131.00'),
(790, 'e39', '202010', 'Achat de matériel de papèterie', '2020-10-18', '14.00'),
(791, 'e39', '202010', 'Voyage SNCF', '2020-10-23', '131.00'),
(792, 'e39', '202010', 'Location salle conférence', '2020-10-27', '549.00'),
(793, 'e39', '202010', 'Repas avec praticien', '2020-10-13', '30.00'),
(794, 'e39', '202011', 'Achat de matériel de papèterie', '2020-11-19', '30.00'),
(795, 'e39', '202011', 'Repas avec praticien', '2020-11-17', '42.00'),
(796, 'e39', '202012', 'Achat de matériel de papèterie', '2020-12-23', '48.00'),
(797, 'e39', '202012', 'Voyage SNCF', '2020-12-07', '55.00'),
(798, 'e39', '202012', 'Traiteur, alimentation, boisson', '2020-12-08', '428.00'),
(799, 'e39', '202012', 'Repas avec praticien', '2020-12-09', '35.00'),
(800, 'e39', '202012', 'Traiteur, alimentation, boisson', '2020-12-13', '160.00'),
(801, 'e39', '202101', 'Frais vestimentaire/représentation', '2021-01-14', '342.00'),
(802, 'e39', '202101', 'Achat de matériel de papèterie', '2021-01-05', '26.00'),
(803, 'e39', '202101', 'Voyage SNCF', '2021-01-04', '115.00'),
(804, 'e39', '202101', 'Traiteur, alimentation, boisson', '2021-01-07', '201.00'),
(805, 'e39', '202101', 'Achat de matériel de papèterie', '2021-01-22', '21.00'),
(806, 'e39', '202101', 'Repas avec praticien', '2021-01-17', '30.00'),
(807, 'e39', '202102', 'Repas avec praticien', '2021-02-25', '48.00'),
(808, 'e39', '202102', 'Achat de matériel de papèterie', '2021-02-20', '37.00'),
(809, 'e39', '202102', 'Achat de matériel de papèterie', '2021-02-15', '19.00'),
(810, 'e39', '202102', 'Achat de matériel de papèterie', '2021-02-26', '22.00'),
(811, 'e39', '202102', 'Location salle conférence', '2021-02-28', '560.00'),
(812, 'e39', '202103', 'Rémunération intervenant/spécialiste', '2021-03-12', '274.00'),
(813, 'e39', '202103', 'Location véhicule', '2021-03-18', '249.00'),
(814, 'e39', '202103', 'Traiteur, alimentation, boisson', '2021-03-09', '232.00'),
(815, 'e39', '202104', 'Location salle conférence', '2021-04-19', '219.00'),
(816, 'e39', '202104', 'Achat de matériel de papèterie', '2021-04-05', '32.00'),
(817, 'e39', '202104', 'Location équipement vidéo/sonore', '2021-04-20', '175.00'),
(818, 'e39', '202104', 'Taxi', '2021-04-05', '61.00'),
(819, 'e39', '202105', 'Repas avec praticien', '2021-05-22', '49.00'),
(820, 'e39', '202105', 'Traiteur, alimentation, boisson', '2021-05-27', '428.00'),
(821, 'e39', '202105', 'Achat de matériel de papèterie', '2021-05-10', '17.00'),
(822, 'e39', '202105', 'Taxi', '2021-05-09', '33.00'),
(823, 'e39', '202105', 'Voyage SNCF', '2021-05-08', '34.00'),
(824, 'e39', '202106', 'Achat de matériel de papèterie', '2021-06-09', '20.00'),
(825, 'e39', '202106', 'Repas avec praticien', '2021-06-15', '30.00'),
(826, 'e39', '202106', 'Location équipement vidéo/sonore', '2021-06-17', '684.00'),
(827, 'e39', '202107', 'Frais vestimentaire/représentation', '2021-07-11', '57.00'),
(828, 'e39', '202107', 'Repas avec praticien', '2021-07-12', '46.00'),
(829, 'e39', '202107', 'Repas avec praticien', '2021-07-14', '41.00'),
(830, 'e39', '202107', 'Location équipement vidéo/sonore', '2021-07-13', '317.00'),
(831, 'e39', '202107', 'Location équipement vidéo/sonore', '2021-07-05', '602.00'),
(832, 'e39', '202108', 'Rémunération intervenant/spécialiste', '2021-08-04', '678.00'),
(833, 'e39', '202108', 'Rémunération intervenant/spécialiste', '2021-08-14', '1032.00'),
(834, 'e49', '202009', 'Taxi', '2020-09-28', '70.00'),
(835, 'e49', '202009', 'Location équipement vidéo/sonore', '2020-09-15', '765.00'),
(836, 'e49', '202010', 'Frais vestimentaire/représentation', '2020-10-25', '263.00'),
(837, 'e49', '202010', 'Traiteur, alimentation, boisson', '2020-10-11', '399.00'),
(838, 'e49', '202010', 'Frais vestimentaire/représentation', '2020-10-26', '227.00'),
(839, 'e49', '202010', 'Voyage SNCF', '2020-10-27', '141.00'),
(840, 'e49', '202010', 'Traiteur, alimentation, boisson', '2020-10-20', '295.00'),
(841, 'e49', '202011', 'Location salle conférence', '2020-11-08', '267.00'),
(842, 'e49', '202011', 'Location salle conférence', '2020-11-12', '249.00'),
(843, 'e49', '202011', 'Rémunération intervenant/spécialiste', '2020-11-20', '1020.00'),
(844, 'e49', '202011', 'Taxi', '2020-11-04', '73.00'),
(845, 'e49', '202011', 'Traiteur, alimentation, boisson', '2020-11-23', '407.00'),
(846, 'e49', '202012', 'Location équipement vidéo/sonore', '2020-12-10', '431.00'),
(847, 'e49', '202012', 'Achat de matériel de papèterie', '2020-12-07', '35.00'),
(848, 'e49', '202012', 'Rémunération intervenant/spécialiste', '2020-12-11', '966.00'),
(849, 'e49', '202012', 'Achat de matériel de papèterie', '2020-12-01', '35.00'),
(850, 'e49', '202012', 'Frais vestimentaire/représentation', '2020-12-06', '57.00'),
(851, 'e49', '202101', 'Repas avec praticien', '2021-01-25', '44.00'),
(852, 'e49', '202101', 'Traiteur, alimentation, boisson', '2021-01-02', '211.00'),
(853, 'e49', '202101', 'Repas avec praticien', '2021-01-06', '31.00'),
(854, 'e49', '202102', 'Location salle conférence', '2021-02-26', '426.00'),
(855, 'e49', '202102', 'Taxi', '2021-02-13', '77.00'),
(856, 'e49', '202102', 'Achat de matériel de papèterie', '2021-02-04', '30.00'),
(857, 'e49', '202102', 'Rémunération intervenant/spécialiste', '2021-02-11', '593.00'),
(858, 'e49', '202102', 'Traiteur, alimentation, boisson', '2021-02-27', '321.00'),
(859, 'e49', '202103', 'Traiteur, alimentation, boisson', '2021-03-12', '423.00'),
(860, 'e49', '202103', 'Location équipement vidéo/sonore', '2021-03-18', '427.00'),
(861, 'e49', '202104', 'Rémunération intervenant/spécialiste', '2021-04-23', '938.00'),
(862, 'e49', '202104', 'Rémunération intervenant/spécialiste', '2021-04-27', '489.00'),
(863, 'e49', '202104', 'Voyage SNCF', '2021-04-28', '65.00'),
(864, 'e49', '202104', 'Voyage SNCF', '2021-04-04', '86.00'),
(865, 'e49', '202105', 'Voyage SNCF', '2021-05-12', '135.00'),
(866, 'e49', '202105', 'Frais vestimentaire/représentation', '2021-05-22', '315.00'),
(867, 'e49', '202106', 'Location salle conférence', '2021-06-14', '541.00'),
(868, 'e49', '202106', 'Achat de matériel de papèterie', '2021-06-26', '25.00'),
(869, 'e49', '202106', 'Achat de matériel de papèterie', '2021-06-26', '27.00'),
(870, 'e49', '202107', 'Repas avec praticien', '2021-07-28', '38.00'),
(871, 'e49', '202107', 'Rémunération intervenant/spécialiste', '2021-07-06', '531.00'),
(872, 'e49', '202107', 'Location salle conférence', '2021-07-08', '360.00'),
(873, 'e49', '202107', 'Frais vestimentaire/représentation', '2021-07-28', '307.00'),
(874, 'e49', '202108', 'Voyage SNCF', '2021-08-23', '122.00'),
(875, 'e49', '202108', 'Location équipement vidéo/sonore', '2021-08-24', '434.00'),
(876, 'e49', '202108', 'Rémunération intervenant/spécialiste', '2021-08-04', '309.00'),
(877, 'e49', '202108', 'Rémunération intervenant/spécialiste', '2021-08-09', '783.00'),
(878, 'e49', '202108', 'Repas avec praticien', '2021-08-25', '31.00'),
(879, 'e49', '202108', 'Taxi', '2021-08-10', '21.00'),
(880, 'e5', '202009', 'Voyage SNCF', '2020-09-06', '67.00'),
(881, 'e5', '202009', 'Location équipement vidéo/sonore', '2020-09-18', '119.00'),
(882, 'e5', '202009', 'Rémunération intervenant/spécialiste', '2020-09-27', '935.00'),
(883, 'e5', '202009', 'Location véhicule', '2020-09-08', '115.00'),
(884, 'e5', '202009', 'Frais vestimentaire/représentation', '2020-09-14', '149.00'),
(885, 'e5', '202009', 'Achat de matériel de papèterie', '2020-09-23', '29.00'),
(886, 'e5', '202010', 'Traiteur, alimentation, boisson', '2020-10-10', '256.00'),
(887, 'e5', '202010', 'Repas avec praticien', '2020-10-07', '40.00'),
(888, 'e5', '202011', 'Location véhicule', '2020-11-12', '93.00'),
(889, 'e5', '202011', 'Location véhicule', '2020-11-09', '427.00'),
(890, 'e5', '202012', 'Taxi', '2020-12-23', '76.00'),
(891, 'e5', '202012', 'Repas avec praticien', '2020-12-13', '49.00'),
(892, 'e5', '202012', 'Location salle conférence', '2020-12-06', '318.00'),
(893, 'e5', '202012', 'Location véhicule', '2020-12-12', '251.00'),
(894, 'e5', '202012', 'Location salle conférence', '2020-12-02', '351.00'),
(895, 'e5', '202101', 'Voyage SNCF', '2021-01-21', '111.00'),
(896, 'e5', '202101', 'Achat de matériel de papèterie', '2021-01-28', '16.00'),
(897, 'e5', '202101', 'Location équipement vidéo/sonore', '2021-01-16', '823.00'),
(898, 'e5', '202101', 'Rémunération intervenant/spécialiste', '2021-01-09', '705.00'),
(899, 'e5', '202103', 'Location véhicule', '2021-03-21', '39.00'),
(900, 'e5', '202103', 'Location équipement vidéo/sonore', '2021-03-08', '437.00'),
(901, 'e5', '202103', 'Rémunération intervenant/spécialiste', '2021-03-01', '260.00'),
(902, 'e5', '202103', 'Frais vestimentaire/représentation', '2021-03-28', '228.00'),
(903, 'e5', '202103', 'Voyage SNCF', '2021-03-14', '101.00'),
(904, 'e5', '202104', 'Location véhicule', '2021-04-28', '432.00'),
(905, 'e5', '202104', 'Frais vestimentaire/représentation', '2021-04-17', '441.00'),
(906, 'e5', '202104', 'Taxi', '2021-04-05', '69.00'),
(907, 'e5', '202104', 'Rémunération intervenant/spécialiste', '2021-04-09', '374.00'),
(908, 'e5', '202105', 'Frais vestimentaire/représentation', '2021-05-08', '444.00'),
(909, 'e5', '202105', 'Location équipement vidéo/sonore', '2021-05-09', '530.00'),
(910, 'e5', '202105', 'Achat de matériel de papèterie', '2021-05-23', '31.00'),
(911, 'e5', '202105', 'Location véhicule', '2021-05-15', '259.00'),
(912, 'e5', '202105', 'Location véhicule', '2021-05-09', '213.00'),
(913, 'e5', '202106', 'Repas avec praticien', '2021-06-27', '49.00'),
(914, 'e5', '202106', 'Repas avec praticien', '2021-06-14', '38.00'),
(915, 'e5', '202108', 'Location équipement vidéo/sonore', '2021-08-15', '673.00'),
(916, 'e5', '202108', 'Taxi', '2021-08-22', '80.00'),
(917, 'e5', '202108', 'Rémunération intervenant/spécialiste', '2021-08-23', '270.00'),
(918, 'e5', '202108', 'Traiteur, alimentation, boisson', '2021-08-05', '265.00'),
(919, 'e5', '202108', 'Traiteur, alimentation, boisson', '2021-08-04', '404.00'),
(920, 'e5', '202108', 'Traiteur, alimentation, boisson', '2021-08-15', '89.00'),
(921, 'e52', '202009', 'Traiteur, alimentation, boisson', '2020-09-27', '409.00'),
(922, 'e52', '202009', 'Rémunération intervenant/spécialiste', '2020-09-18', '779.00'),
(923, 'e52', '202009', 'Repas avec praticien', '2020-09-14', '35.00'),
(924, 'e52', '202009', 'Frais vestimentaire/représentation', '2020-09-27', '421.00'),
(925, 'e52', '202009', 'Location salle conférence', '2020-09-13', '244.00'),
(926, 'e52', '202010', 'Voyage SNCF', '2020-10-22', '50.00'),
(927, 'e52', '202010', 'Voyage SNCF', '2020-10-19', '130.00'),
(928, 'e52', '202011', 'Frais vestimentaire/représentation', '2020-11-05', '369.00'),
(929, 'e52', '202011', 'Voyage SNCF', '2020-11-02', '48.00'),
(930, 'e52', '202011', 'Frais vestimentaire/représentation', '2020-11-24', '298.00'),
(931, 'e52', '202011', 'Location équipement vidéo/sonore', '2020-11-01', '741.00'),
(932, 'e52', '202011', 'Voyage SNCF', '2020-11-14', '102.00'),
(933, 'e52', '202011', 'Voyage SNCF', '2020-11-21', '107.00'),
(934, 'e52', '202012', 'Location salle conférence', '2020-12-06', '370.00'),
(935, 'e52', '202012', 'Traiteur, alimentation, boisson', '2020-12-12', '98.00'),
(936, 'e52', '202012', 'Location salle conférence', '2020-12-01', '528.00'),
(937, 'e52', '202012', 'Frais vestimentaire/représentation', '2020-12-23', '337.00'),
(938, 'e52', '202012', 'Taxi', '2020-12-06', '55.00'),
(939, 'e52', '202012', 'Achat de matériel de papèterie', '2020-12-12', '34.00'),
(940, 'e52', '202101', 'Voyage SNCF', '2021-01-12', '132.00'),
(941, 'e52', '202101', 'Achat de matériel de papèterie', '2021-01-18', '49.00'),
(942, 'e52', '202102', 'Voyage SNCF', '2021-02-14', '132.00'),
(943, 'e52', '202102', 'Repas avec praticien', '2021-02-21', '43.00'),
(944, 'e52', '202102', 'Location salle conférence', '2021-02-15', '130.00'),
(945, 'e52', '202102', 'Taxi', '2021-02-03', '69.00'),
(946, 'e52', '202103', 'Traiteur, alimentation, boisson', '2021-03-03', '303.00'),
(947, 'e52', '202103', 'Location salle conférence', '2021-03-27', '161.00'),
(948, 'e52', '202103', 'Location salle conférence', '2021-03-19', '150.00'),
(949, 'e52', '202103', 'Location véhicule', '2021-03-27', '67.00'),
(950, 'e52', '202103', 'Achat de matériel de papèterie', '2021-03-26', '27.00'),
(951, 'e52', '202104', 'Taxi', '2021-04-09', '46.00'),
(952, 'e52', '202104', 'Location véhicule', '2021-04-15', '250.00'),
(953, 'e52', '202104', 'Rémunération intervenant/spécialiste', '2021-04-07', '1190.00'),
(954, 'e52', '202104', 'Voyage SNCF', '2021-04-23', '138.00'),
(955, 'e52', '202105', 'Rémunération intervenant/spécialiste', '2021-05-25', '681.00'),
(956, 'e52', '202105', 'Repas avec praticien', '2021-05-22', '31.00'),
(957, 'e52', '202106', 'Repas avec praticien', '2021-06-25', '34.00'),
(958, 'e52', '202106', 'Location équipement vidéo/sonore', '2021-06-24', '202.00'),
(959, 'e52', '202106', 'Location véhicule', '2021-06-03', '427.00'),
(960, 'e52', '202106', 'Repas avec praticien', '2021-06-28', '40.00'),
(961, 'e52', '202106', 'Location véhicule', '2021-06-23', '256.00'),
(962, 'e52', '202106', 'Voyage SNCF', '2021-06-04', '141.00'),
(963, 'e52', '202107', 'Frais vestimentaire/représentation', '2021-07-02', '57.00'),
(964, 'e52', '202107', 'Achat de matériel de papèterie', '2021-07-22', '14.00'),
(965, 'e52', '202107', 'Frais vestimentaire/représentation', '2021-07-26', '286.00'),
(966, 'e52', '202107', 'Frais vestimentaire/représentation', '2021-07-02', '103.00'),
(967, 'e52', '202107', 'Traiteur, alimentation, boisson', '2021-07-17', '386.00'),
(968, 'e52', '202107', 'Achat de matériel de papèterie', '2021-07-22', '21.00'),
(969, 'e52', '202108', 'Location véhicule', '2021-08-16', '160.00'),
(970, 'e52', '202108', 'Voyage SNCF', '2021-08-24', '66.00'),
(971, 'e52', '202108', 'Rémunération intervenant/spécialiste', '2021-08-09', '1149.00'),
(972, 'e52', '202108', 'Location équipement vidéo/sonore', '2021-08-19', '342.00'),
(973, 'e52', '202108', 'Location véhicule', '2021-08-09', '362.00'),
(974, 'f21', '202009', 'Location équipement vidéo/sonore', '2020-09-26', '753.00'),
(975, 'f21', '202009', 'Achat de matériel de papèterie', '2020-09-09', '43.00'),
(976, 'f21', '202010', 'Rémunération intervenant/spécialiste', '2020-10-25', '1079.00'),
(977, 'f21', '202010', 'Traiteur, alimentation, boisson', '2020-10-23', '100.00'),
(978, 'f21', '202010', 'Repas avec praticien', '2020-10-10', '50.00'),
(979, 'f21', '202010', 'Frais vestimentaire/représentation', '2020-10-01', '319.00'),
(980, 'f21', '202011', 'Frais vestimentaire/représentation', '2020-11-26', '225.00'),
(981, 'f21', '202011', 'Taxi', '2020-11-20', '75.00'),
(982, 'f21', '202012', 'Voyage SNCF', '2020-12-06', '126.00'),
(983, 'f21', '202101', 'Rémunération intervenant/spécialiste', '2021-01-04', '420.00'),
(984, 'f21', '202101', 'Location salle conférence', '2021-01-12', '623.00'),
(985, 'f21', '202101', 'Achat de matériel de papèterie', '2021-01-13', '17.00'),
(986, 'f21', '202101', 'Achat de matériel de papèterie', '2021-01-18', '34.00'),
(987, 'f21', '202101', 'Frais vestimentaire/représentation', '2021-01-24', '205.00'),
(988, 'f21', '202102', 'Traiteur, alimentation, boisson', '2021-02-19', '49.00'),
(989, 'f21', '202102', 'Location équipement vidéo/sonore', '2021-02-16', '565.00'),
(990, 'f21', '202102', 'Frais vestimentaire/représentation', '2021-02-04', '386.00'),
(991, 'f21', '202103', 'Location salle conférence', '2021-03-06', '631.00'),
(992, 'f21', '202103', 'Location véhicule', '2021-03-05', '319.00'),
(993, 'f21', '202103', 'Repas avec praticien', '2021-03-20', '37.00'),
(994, 'f21', '202103', 'Voyage SNCF', '2021-03-27', '114.00'),
(995, 'f21', '202104', 'Repas avec praticien', '2021-04-05', '42.00'),
(996, 'f21', '202104', 'Traiteur, alimentation, boisson', '2021-04-05', '283.00'),
(997, 'f21', '202104', 'Rémunération intervenant/spécialiste', '2021-04-07', '1079.00'),
(998, 'f21', '202104', 'Achat de matériel de papèterie', '2021-04-25', '11.00'),
(999, 'f21', '202105', 'Repas avec praticien', '2021-05-28', '40.00'),
(1000, 'f21', '202105', 'Location salle conférence', '2021-05-12', '390.00'),
(1001, 'f21', '202105', 'Achat de matériel de papèterie', '2021-05-28', '45.00'),
(1002, 'f21', '202105', 'Frais vestimentaire/représentation', '2021-05-20', '322.00'),
(1003, 'f21', '202105', 'Frais vestimentaire/représentation', '2021-05-24', '41.00'),
(1004, 'f21', '202105', 'Voyage SNCF', '2021-05-13', '87.00'),
(1005, 'f21', '202106', 'Location véhicule', '2021-06-10', '138.00'),
(1006, 'f21', '202106', 'Taxi', '2021-06-13', '21.00'),
(1007, 'f21', '202106', 'Location salle conférence', '2021-06-05', '617.00'),
(1008, 'f21', '202106', 'Location véhicule', '2021-06-05', '370.00'),
(1009, 'f21', '202107', 'Repas avec praticien', '2021-07-05', '40.00'),
(1010, 'f21', '202107', 'Rémunération intervenant/spécialiste', '2021-07-28', '316.00'),
(1011, 'f21', '202107', 'Location équipement vidéo/sonore', '2021-07-25', '324.00'),
(1012, 'f21', '202107', 'Voyage SNCF', '2021-07-13', '131.00'),
(1013, 'f21', '202107', 'Achat de matériel de papèterie', '2021-07-26', '36.00'),
(1014, 'f21', '202107', 'Traiteur, alimentation, boisson', '2021-07-14', '231.00'),
(1015, 'f21', '202108', 'Voyage SNCF', '2021-08-11', '97.00'),
(1016, 'f21', '202108', 'Voyage SNCF', '2021-08-13', '144.00'),
(1017, 'f39', '202009', 'Rémunération intervenant/spécialiste', '2020-09-02', '691.00'),
(1018, 'f39', '202010', 'Voyage SNCF', '2020-10-02', '132.00'),
(1019, 'f39', '202010', 'Voyage SNCF', '2020-10-15', '104.00'),
(1020, 'f39', '202010', 'Traiteur, alimentation, boisson', '2020-10-18', '385.00'),
(1021, 'f39', '202010', 'Location véhicule', '2020-10-15', '115.00'),
(1022, 'f39', '202010', 'Location équipement vidéo/sonore', '2020-10-15', '848.00'),
(1023, 'f39', '202011', 'Location véhicule', '2020-11-12', '329.00'),
(1024, 'f39', '202011', 'Location salle conférence', '2020-11-09', '418.00'),
(1025, 'f39', '202011', 'Location équipement vidéo/sonore', '2020-11-20', '499.00'),
(1026, 'f39', '202012', 'Achat de matériel de papèterie', '2020-12-28', '40.00'),
(1027, 'f39', '202012', 'Rémunération intervenant/spécialiste', '2020-12-24', '477.00'),
(1028, 'f39', '202012', 'Achat de matériel de papèterie', '2020-12-03', '44.00'),
(1029, 'f39', '202101', 'Location salle conférence', '2021-01-24', '159.00'),
(1030, 'f39', '202101', 'Location équipement vidéo/sonore', '2021-01-15', '446.00'),
(1031, 'f39', '202101', 'Frais vestimentaire/représentation', '2021-01-19', '222.00'),
(1032, 'f39', '202102', 'Voyage SNCF', '2021-02-18', '123.00'),
(1033, 'f39', '202102', 'Rémunération intervenant/spécialiste', '2021-02-07', '1110.00'),
(1034, 'f39', '202102', 'Frais vestimentaire/représentation', '2021-02-12', '337.00'),
(1035, 'f39', '202102', 'Location salle conférence', '2021-02-05', '314.00'),
(1036, 'f39', '202102', 'Location équipement vidéo/sonore', '2021-02-22', '530.00'),
(1037, 'f39', '202103', 'Location équipement vidéo/sonore', '2021-03-14', '334.00'),
(1038, 'f39', '202103', 'Frais vestimentaire/représentation', '2021-03-04', '52.00'),
(1039, 'f39', '202103', 'Location véhicule', '2021-03-22', '64.00'),
(1040, 'f39', '202103', 'Taxi', '2021-03-06', '33.00'),
(1041, 'f39', '202103', 'Frais vestimentaire/représentation', '2021-03-07', '428.00'),
(1042, 'f39', '202103', 'Frais vestimentaire/représentation', '2021-03-19', '67.00'),
(1043, 'f39', '202104', 'Rémunération intervenant/spécialiste', '2021-04-19', '1017.00'),
(1044, 'f39', '202104', 'Achat de matériel de papèterie', '2021-04-14', '11.00'),
(1045, 'f39', '202104', 'Frais vestimentaire/représentation', '2021-04-11', '127.00'),
(1046, 'f39', '202104', 'Repas avec praticien', '2021-04-07', '42.00'),
(1047, 'f39', '202105', 'Frais vestimentaire/représentation', '2021-05-15', '55.00'),
(1048, 'f39', '202106', 'Traiteur, alimentation, boisson', '2021-06-27', '329.00'),
(1049, 'f39', '202106', 'Rémunération intervenant/spécialiste', '2021-06-19', '646.00'),
(1050, 'f39', '202106', 'Location véhicule', '2021-06-05', '423.00'),
(1051, 'f39', '202106', 'Rémunération intervenant/spécialiste', '2021-06-01', '366.00'),
(1052, 'f39', '202106', 'Location équipement vidéo/sonore', '2021-06-10', '764.00'),
(1053, 'f39', '202107', 'Voyage SNCF', '2021-07-02', '140.00'),
(1054, 'f39', '202107', 'Voyage SNCF', '2021-07-11', '46.00'),
(1055, 'f39', '202108', 'Traiteur, alimentation, boisson', '2021-08-20', '416.00'),
(1056, 'f39', '202108', 'Taxi', '2021-08-28', '52.00'),
(1057, 'f39', '202108', 'Location salle conférence', '2021-08-25', '570.00'),
(1058, 'f39', '202108', 'Location véhicule', '2021-08-16', '70.00'),
(1059, 'f4', '202009', 'Voyage SNCF', '2020-09-17', '108.00'),
(1060, 'f4', '202009', 'Achat de matériel de papèterie', '2020-09-04', '11.00'),
(1061, 'f4', '202009', 'Voyage SNCF', '2020-09-21', '95.00'),
(1062, 'f4', '202010', 'Location équipement vidéo/sonore', '2020-10-27', '689.00'),
(1063, 'f4', '202010', 'Rémunération intervenant/spécialiste', '2020-10-12', '443.00'),
(1064, 'f4', '202010', 'Voyage SNCF', '2020-10-11', '93.00'),
(1065, 'f4', '202011', 'Rémunération intervenant/spécialiste', '2020-11-17', '1054.00'),
(1066, 'f4', '202012', 'Voyage SNCF', '2020-12-26', '77.00'),
(1067, 'f4', '202012', 'Achat de matériel de papèterie', '2020-12-28', '18.00'),
(1068, 'f4', '202012', 'Taxi', '2020-12-15', '24.00'),
(1069, 'f4', '202012', 'Location équipement vidéo/sonore', '2020-12-20', '368.00'),
(1070, 'f4', '202012', 'Frais vestimentaire/représentation', '2020-12-13', '302.00'),
(1071, 'f4', '202101', 'Traiteur, alimentation, boisson', '2021-01-23', '248.00'),
(1072, 'f4', '202101', 'Repas avec praticien', '2021-01-07', '31.00'),
(1073, 'f4', '202101', 'Location salle conférence', '2021-01-13', '472.00'),
(1074, 'f4', '202101', 'Location salle conférence', '2021-01-23', '219.00'),
(1075, 'f4', '202102', 'Achat de matériel de papèterie', '2021-02-01', '12.00'),
(1076, 'f4', '202102', 'Rémunération intervenant/spécialiste', '2021-02-02', '1020.00'),
(1077, 'f4', '202103', 'Achat de matériel de papèterie', '2021-03-17', '39.00'),
(1078, 'f4', '202103', 'Location véhicule', '2021-03-13', '369.00'),
(1079, 'f4', '202103', 'Repas avec praticien', '2021-03-01', '48.00'),
(1080, 'f4', '202103', 'Traiteur, alimentation, boisson', '2021-03-11', '339.00'),
(1081, 'f4', '202104', 'Repas avec praticien', '2021-04-23', '42.00'),
(1082, 'f4', '202104', 'Rémunération intervenant/spécialiste', '2021-04-21', '979.00'),
(1083, 'f4', '202104', 'Frais vestimentaire/représentation', '2021-04-03', '227.00'),
(1084, 'f4', '202105', 'Repas avec praticien', '2021-05-26', '38.00'),
(1085, 'f4', '202105', 'Location équipement vidéo/sonore', '2021-05-12', '498.00'),
(1086, 'f4', '202105', 'Voyage SNCF', '2021-05-12', '124.00'),
(1087, 'f4', '202105', 'Traiteur, alimentation, boisson', '2021-05-16', '233.00'),
(1088, 'f4', '202106', 'Location équipement vidéo/sonore', '2021-06-02', '575.00'),
(1089, 'f4', '202106', 'Location salle conférence', '2021-06-08', '527.00'),
(1090, 'f4', '202106', 'Repas avec praticien', '2021-06-10', '43.00'),
(1091, 'f4', '202107', 'Achat de matériel de papèterie', '2021-07-08', '33.00'),
(1092, 'f4', '202107', 'Location salle conférence', '2021-07-07', '242.00'),
(1093, 'f4', '202108', 'Taxi', '2021-08-26', '37.00'),
(1094, 'f4', '202108', 'Repas avec praticien', '2021-08-03', '34.00'),
(1095, 'a17', '202109', 'course de chevaux', '2021-09-20', '5000.00'),
(1096, 'a17', '202110', 'course de chevaux', '2021-09-20', '5000.00'),
(1097, 'a17', '202110', 'course de chevaux', '2021-09-20', '5000.00');

-- --------------------------------------------------------

--
-- Table structure for table `visiteur`
--

DROP TABLE IF EXISTS `visiteur`;
CREATE TABLE IF NOT EXISTS `visiteur` (
  `id` char(4) NOT NULL,
  `nom` char(30) DEFAULT NULL,
  `prenom` char(30) DEFAULT NULL,
  `login` char(20) DEFAULT NULL,
  `mdp` char(255) NOT NULL,
  `adresse` char(30) DEFAULT NULL,
  `cp` char(5) DEFAULT NULL,
  `ville` char(30) DEFAULT NULL,
  `dateembauche` date DEFAULT NULL,
  `email` text NOT NULL,
  `code` char(4) DEFAULT NULL,
  PRIMARY KEY (`id`)
) ENGINE=InnoDB DEFAULT CHARSET=latin1;

--
-- Dumping data for table `visiteur`
--

INSERT INTO `visiteur` (`id`, `nom`, `prenom`, `login`, `mdp`, `adresse`, `cp`, `ville`, `dateembauche`, `email`, `code`) VALUES
('a131', 'Villechalane', 'Louis', 'lvillachane', '$2y$10$IDYrK6qa4rhPjlGmbveDZ.ZKOHvw5zRQ3doo1yGp18qgPfK83vrIa', '8 rue des Charmes', '46000', 'Cahors', '2005-12-21', 'lvillachane@swiss-galaxy.com', '1000'),
('a17', 'Andre', 'David', 'dandre', '$2y$10$ssuVr/PX6zAe8BFJkdEMd.owze7Y8dYbThOHfkW6J.8yezOMb5oBK', '1 rue Petit', '46200', 'Lalbenque', '1998-11-23', 'dandre@swiss-galaxy.com', '1000'),
('a55', 'Bedos', 'Christian', 'cbedos', '$2y$10$FOfeQ6cQkhuJNOxKvJQ8H.BBxdgoXjOr4xhaUuTOHelID4rl5.Dhq', '1 rue Peranud', '46250', 'Montcuq', '1995-01-12', 'cbedos@swiss-galaxy.com', '9408'),
('a93', 'Tusseau', 'Louis', 'ltusseau', '$2y$10$cJbfr2RA3a.0wfve/zTdxepCGEs1mah63h9YGcBqIdD36Zer/gtPK', '22 rue des Ternes', '46123', 'Gramat', '2000-05-01', 'ltusseau@swiss-galaxy.com', '9408'),
('b13', 'Bentot', 'Pascal', 'pbentot', '$2y$10$hwIeqhKOLGhbTE1iSrFJvuFe1r2xg9sUN4ZIG9HD5027GWg8.9PAW', '11 allée des Cerises', '46512', 'Bessines', '1992-07-09', 'pbentot@swiss-galaxy.com', '9408'),
('b16', 'Bioret', 'Luc', 'lbioret', '$2y$10$9YWeXBzualxnAmFygHPiC.pr9aCuVBIw8kN897tH2U7syoKwWJfea', '1 Avenue gambetta', '46000', 'Cahors', '1998-05-11', 'lbioret@swiss-galaxy.com', '9408'),
('b19', 'Bunisset', 'Francis', 'fbunisset', '$2y$10$8LpxrkDpFwpqjmEF8n3qpekE/7wNInRXPE7A0b4B7WDqI9OiNwo1a', '10 rue des Perles', '93100', 'Montreuil', '1987-10-21', 'fbunisset@swiss-galaxy.com', '9408'),
('b25', 'Bunisset', 'Denise', 'dbunisset', '$2y$10$pPkWI1HP3TbLEj7LFH5xau20o1XUPejdk6edniowpOlT.QtnjVYta', '23 rue Manin', '75019', 'paris', '2010-12-05', 'dbunisset@swiss-galaxy.com', '9408'),
('b28', 'Cacheux', 'Bernard', 'bcacheux', '$2y$10$ERkraz5gG24LtNkyjw/vYOPG583Pg8SgKwPC/rXhATohgqM6t7pti', '114 rue Blanche', '75017', 'Paris', '2009-11-12', 'bcacheux@swiss-galaxy.com', '9408'),
('b34', 'Cadic', 'Eric', 'ecadic', '$2y$10$L9OB6Y2/lVl/brzEy/OaeeBB0KahfQ.qm3ts2RNkiKgqrnTpW99LS', '123 avenue de la République', '75011', 'Paris', '2008-09-23', 'ecadic@swiss-galaxy.com', '9408'),
('b4', 'Charoze', 'Catherine', 'ccharoze', '$2y$10$II15qu5bin5I32mh9mTE4OzJ4AXJU3Oq0rKyD5WtoJstVNMt9DYS.', '100 rue Petit', '75019', 'Paris', '2005-11-12', 'ccharoze@swiss-galaxy.com', '9408'),
('b50', 'Clepkens', 'Christophe', 'cclepkens', '$2y$10$3jhAI6avFPLnuGdDgOVNZu4i0Wgsla8AzKrEwAxX4NSHFScSD5TtG', '12 allée des Anges', '93230', 'Romainville', '2003-08-11', 'cclepkens@swiss-galaxy.com', '9408'),
('b59', 'Cottin', 'Vincenne', 'vcottin', '$2y$10$rqv34/5qCD7dJ/YbOE2Vj.WBB2K2CSg.qZpd57IymByVTeBIA4BiG', '36 rue Des Roches', '93100', 'Monteuil', '2001-11-18', 'vcottin@swiss-galaxy.com', '9408'),
('c14', 'Daburon', 'François', 'fdaburon', '$2y$10$21dlvnEnOhPkQdO1.3uvK.i2yl0SVIwk7xWnCme4nQpWEhcopdoyW', '13 rue de Chanzy', '94000', 'Créteil', '2002-02-11', 'fdaburon@swiss-galaxy.com', '9408'),
('c3', 'De', 'Philippe', 'pde', '$2y$10$AqypJvNAgNaf7k1sE/ROLOcOGFu06lSu0hbQ2u2ImSUZbtOWVu5ZW', '13 rue Barthes', '94000', 'Créteil', '2010-12-14', 'pde@swiss-galaxy.com', '9408'),
('c54', 'Debelle', 'Michel', 'mdebelle', '$2y$10$7f4dcWhVxEp2NgbeaklOkOmqKHYZ23XDauBYdT4KLqz.kIJoXhw0y', '181 avenue Barbusse', '93210', 'Rosny', '2006-11-23', 'mdebelle@swiss-galaxy.com', '9408'),
('d13', 'Debelle', 'Jeanne', 'jdebelle', '$2y$10$YgxDmpxQKTnUaP8x1P828e0yax1lJBW3vOkYl6XqSiuteHcnoawdi', '134 allée des Joncs', '44000', 'Nantes', '2000-05-11', 'jdebelle@swiss-galaxy.com', '9408'),
('d51', 'Debroise', 'Michel', 'mdebroise', '$2y$10$gYqms/vWc4cqrXroXgeId.axMKXOaxO/E7JA2M6E7Yu0XaroNZ6sy', '2 Bld Jourdain', '44000', 'Nantes', '2001-04-17', 'mdebroise@swiss-galaxy.com', '9408'),
('e22', 'Desmarquest', 'Nathalie', 'ndesmarquest', '$2y$10$DXFu6ru2Ahzf77SaCzEZ2.GcMl8asfheBxBatoSHCQlTfMPKsNB2W', '14 Place d Arc', '45000', 'Orléans', '2005-11-12', 'ndesmarquest@swiss-galaxy.com', '9408'),
('e24', 'Desnost', 'Pierre', 'pdesnost', '$2y$10$BB09TnzmnKwcwBEypQcpG.7yySHYeUSyAGc0vu/Vt0qc8gOFCZUfW', '16 avenue des Cèdres', '23200', 'Guéret', '2001-02-05', 'pdesnost@swiss-galaxy.com', '9408'),
('e39', 'Dudouit', 'Frédéric', 'fdudouit', '$2y$10$tQnJA37s10e5AAfJ4WRLcO5YAsq2q6G6R9KarhcKZpnKShoZSMxqy', '18 rue de l église', '23120', 'GrandBourg', '2000-08-01', 'fdudouit@swiss-galaxy.com', '9408'),
('e49', 'Duncombe', 'Claude', 'cduncombe', '$2y$10$.tXYzWIsh.kI/l6Q8I7TJ.0eyVTal8rKW0dbRbyN7Hy5uqQSmNgLu', '19 rue de la tour', '23100', 'La souteraine', '1987-10-10', 'cduncombe@swiss-galaxy.com', '9408'),
('e5', 'Enault-Pascreau', 'Céline', 'cenault', '$2y$10$fha2Tji/Z2jvXf/IUJm/ueVBO4xdUw.Dl4LBtZwWSg/afNYKaYNAq', '25 place de la gare', '23200', 'Gueret', '1995-09-01', 'cenault@swiss-galaxy.com', '9408'),
('e52', 'Eynde', 'Valérie', 'veynde', '$2y$10$Mr9R3tDzcSrtnzjf.hk5fO3lShlajTot.NQKaw/B85CnxVP6vVhdW', '3 Grand Place', '13015', 'Marseille', '1999-11-01', 'veynde@swiss-galaxy.com', '9408'),
('f21', 'Finck', 'Jacques', 'jfinck', '$2y$10$RRkYorz/UlOxWC5ETU0JYe2o6Pb5g/A130W9sQF33W/WqCuz1KQFm', '10 avenue du Prado', '13002', 'Marseille', '2001-11-10', 'jfinck@swiss-galaxy.com', '9408'),
('f39', 'Frémont', 'Fernande', 'ffremont', '$2y$10$28oHFLHnMbzHVrTR.c5LNujc2uAkF36ayzs0ywtn0oHgj8DfoHUY.', '4 route de la mer', '13012', 'Allauh', '1998-10-01', 'ffremont@swiss-galaxy.com', '9408'),
('f4', 'Gest', 'Alain', 'agest', '$2y$10$lofNMSEVociQ7HqvNexxPufvNUxxqJ8dqk4PUC0kl/SMINQLJL53O', '30 avenue de la mer', '13025', 'Berre', '1985-11-01', 'agest@swiss-galaxy.com', '9408');

--
-- Constraints for dumped tables
--

--
-- Constraints for table `fichefrais`
--
ALTER TABLE `fichefrais`
  ADD CONSTRAINT `fichefrais_ibfk_1` FOREIGN KEY (`idetat`) REFERENCES `etat` (`id`),
  ADD CONSTRAINT `fichefrais_ibfk_2` FOREIGN KEY (`idvisiteur`) REFERENCES `visiteur` (`id`);

--
-- Constraints for table `lignefraisforfait`
--
ALTER TABLE `lignefraisforfait`
  ADD CONSTRAINT `lignefraisforfait_ibfk_1` FOREIGN KEY (`idvisiteur`,`mois`) REFERENCES `fichefrais` (`idvisiteur`, `mois`),
  ADD CONSTRAINT `lignefraisforfait_ibfk_2` FOREIGN KEY (`idfraisforfait`) REFERENCES `fraisforfait` (`id`);

--
-- Constraints for table `lignefraishorsforfait`
--
ALTER TABLE `lignefraishorsforfait`
  ADD CONSTRAINT `lignefraishorsforfait_ibfk_1` FOREIGN KEY (`idvisiteur`,`mois`) REFERENCES `fichefrais` (`idvisiteur`, `mois`);
COMMIT;

/*!40101 SET CHARACTER_SET_CLIENT=@OLD_CHARACTER_SET_CLIENT */;
/*!40101 SET CHARACTER_SET_RESULTS=@OLD_CHARACTER_SET_RESULTS */;
/*!40101 SET COLLATION_CONNECTION=@OLD_COLLATION_CONNECTION */;
